menu_id,eatery_id,item_name,price
1,2265,Pretty Meal,25.20
2,259,Material Meal,29.64
3,2976,Mind Meal,12.78
4,62,Put Meal,29.59
5,137,First Meal,15.09
6,2394,Knowledge Meal,8.10
7,440,Current Meal,11.09
8,1278,Admit Meal,18.50
9,1062,Treat Meal,24.94
10,2769,Put Meal,16.63
11,1680,Level Meal,25.51
12,1498,Road Meal,26.75
13,272,Sometimes Meal,15.29
14,1594,Minute Meal,13.91
15,2474,Fill Meal,6.20
16,119,Outside Meal,27.41
17,902,Order Meal,24.70
18,1543,Cause Meal,13.80
19,1643,Shake Meal,20.61
20,2826,Agency Meal,24.50
21,213,Represent Meal,20.35
22,2485,Treatment Meal,14.87
23,1886,Mind Meal,23.58
24,1893,End Meal,11.15
25,889,Worry Meal,5.12
26,2134,At Meal,11.93
27,1821,Anything Meal,20.82
28,2786,Try Meal,14.15
29,702,Test Meal,22.78
30,402,Medical Meal,23.54
31,1489,I Meal,25.61
32,900,Thought Meal,28.18
33,1885,Office Meal,25.12
34,2047,Compare Meal,11.33
35,2529,By Meal,16.38
36,2841,Do Meal,13.01
37,1594,Design Meal,17.50
38,2043,Leader Meal,20.87
39,666,In Meal,13.45
40,1268,Indicate Meal,10.74
41,879,Couple Meal,27.00
42,2808,Just Meal,15.26
43,1476,Imagine Meal,7.09
44,2777,Memory Meal,20.67
45,751,Agency Meal,7.12
46,2949,Discover Meal,12.51
47,1644,Want Meal,5.27
48,673,Break Meal,18.07
49,649,Inside Meal,16.43
50,397,Fact Meal,13.47
51,2012,Leader Meal,22.65
52,109,Executive Meal,19.06
53,1815,Reveal Meal,22.92
54,1600,Direction Meal,26.83
55,1449,Actually Meal,27.03
56,1816,Physical Meal,9.48
57,656,Kitchen Meal,20.99
58,821,Blue Meal,12.75
59,1111,Them Meal,12.44
60,12,Activity Meal,28.90
61,1010,Nor Meal,14.57
62,1562,Themselves Meal,27.66
63,339,Inside Meal,22.98
64,1139,Debate Meal,19.63
65,521,Director Meal,19.49
66,1841,Executive Meal,28.01
67,2050,Focus Meal,28.45
68,465,According Meal,12.40
69,2856,Create Meal,7.72
70,895,Memory Meal,17.05
71,2092,Shoulder Meal,5.61
72,1845,Not Meal,7.17
73,1624,Color Meal,16.27
74,1400,East Meal,29.12
75,539,Pay Meal,14.41
76,1830,I Meal,27.47
77,706,Market Meal,26.66
78,2779,Voice Meal,29.91
79,2939,Less Meal,23.30
80,2203,Send Meal,16.71
81,1507,Both Meal,29.09
82,699,Bank Meal,26.93
83,1878,Dark Meal,21.86
84,1084,Off Meal,11.97
85,1870,Recently Meal,14.28
86,793,Safe Meal,15.70
87,1597,Dream Meal,18.22
88,2688,Pull Meal,9.99
89,2740,Trial Meal,17.73
90,986,Tell Meal,8.95
91,2656,Future Meal,8.18
92,231,Sell Meal,27.71
93,310,Behavior Meal,23.28
94,2674,Employee Meal,23.70
95,1721,Who Meal,26.27
96,2706,May Meal,13.37
97,2748,Result Meal,9.10
98,703,People Meal,9.48
99,99,Product Meal,18.64
100,2317,Away Meal,13.12
101,2699,Partner Meal,11.16
102,544,Available Meal,20.22
103,2975,Maintain Meal,19.11
104,2118,Agree Meal,18.40
105,1419,Buy Meal,14.17
106,1696,Base Meal,16.07
107,1830,Paper Meal,18.97
108,771,Piece Meal,16.39
109,2754,Discover Meal,21.35
110,1128,Animal Meal,26.79
111,2516,Shoulder Meal,28.03
112,185,Food Meal,8.26
113,2271,Quickly Meal,18.61
114,2943,Rich Meal,27.35
115,1679,Way Meal,8.52
116,2804,End Meal,12.70
117,956,Five Meal,22.39
118,2543,Amount Meal,21.55
119,1242,Cup Meal,16.30
120,258,No Meal,12.85
121,714,Subject Meal,18.84
122,753,Set Meal,11.45
123,1992,Decade Meal,27.79
124,1961,Mention Meal,26.11
125,556,Green Meal,14.86
126,615,Total Meal,29.64
127,117,American Meal,18.96
128,2942,Less Meal,28.87
129,2445,Either Meal,23.37
130,1013,Prevent Meal,10.07
131,2782,Pressure Meal,14.18
132,2570,Than Meal,27.12
133,1196,History Meal,28.78
134,1388,And Meal,7.88
135,1915,Picture Meal,11.72
136,1884,Discuss Meal,25.67
137,621,Relate Meal,25.70
138,410,Tonight Meal,21.02
139,1090,Best Meal,9.28
140,2352,Just Meal,19.76
141,1704,Plant Meal,10.36
142,164,Night Meal,26.25
143,926,Walk Meal,29.94
144,2002,Factor Meal,7.86
145,345,Pretty Meal,6.52
146,155,Energy Meal,22.54
147,2914,Event Meal,12.90
148,1387,Network Meal,9.58
149,1442,Memory Meal,29.14
150,446,Onto Meal,28.71
151,2555,Voice Meal,21.61
152,262,Seek Meal,18.18
153,631,Economic Meal,22.31
154,266,Worry Meal,14.52
155,153,Example Meal,29.70
156,2560,Carry Meal,26.59
157,1991,I Meal,9.01
158,1374,Very Meal,22.01
159,1859,Media Meal,17.53
160,1707,Recognize Meal,27.61
161,410,Environment Meal,27.30
162,901,Board Meal,12.83
163,1968,Speak Meal,19.34
164,205,Hotel Meal,24.39
165,2262,Visit Meal,18.04
166,257,Accept Meal,15.18
167,2832,Option Meal,29.63
168,2834,Bank Meal,25.23
169,1349,Campaign Meal,5.76
170,902,Care Meal,14.84
171,2398,Perhaps Meal,14.89
172,1370,Family Meal,13.95
173,529,School Meal,7.41
174,320,Down Meal,14.77
175,804,Above Meal,13.97
176,4,Two Meal,15.16
177,2696,Energy Meal,8.58
178,598,Lose Meal,7.03
179,1533,Hold Meal,26.71
180,194,Appear Meal,18.68
181,2333,Reason Meal,20.35
182,435,When Meal,17.40
183,2489,Play Meal,10.40
184,1961,Step Meal,27.78
185,2619,Police Meal,26.58
186,613,Method Meal,17.30
187,1926,Board Meal,22.15
188,222,Student Meal,8.53
189,2448,Hard Meal,16.57
190,2127,Answer Meal,16.71
191,1591,Attack Meal,12.96
192,688,Step Meal,25.09
193,1994,Live Meal,25.91
194,312,Education Meal,12.57
195,177,Common Meal,25.40
196,1571,Speak Meal,28.49
197,403,Reflect Meal,19.04
198,376,School Meal,15.00
199,2001,Sort Meal,29.04
200,402,Part Meal,12.74
201,195,Blue Meal,15.60
202,2086,Charge Meal,10.22
203,166,Central Meal,16.92
204,1283,Although Meal,20.83
205,634,Boy Meal,22.95
206,422,Per Meal,5.60
207,1012,Southern Meal,7.56
208,1999,Coach Meal,8.27
209,1684,Purpose Meal,20.08
210,1627,Training Meal,23.46
211,1103,List Meal,18.48
212,318,South Meal,5.42
213,1376,Kind Meal,15.94
214,535,Keep Meal,10.33
215,1274,Stuff Meal,8.37
216,566,Place Meal,12.14
217,165,Statement Meal,24.25
218,169,Whom Meal,15.83
219,1757,Kitchen Meal,15.13
220,2134,Entire Meal,26.59
221,400,Front Meal,19.78
222,1834,Sit Meal,24.80
223,2388,Different Meal,25.05
224,824,Agreement Meal,5.70
225,422,Lay Meal,11.24
226,1277,Assume Meal,17.13
227,588,Behind Meal,15.06
228,905,Reality Meal,7.18
229,159,Thousand Meal,22.42
230,2711,Role Meal,25.41
231,1208,Interview Meal,22.76
232,2687,Something Meal,18.60
233,1135,Almost Meal,9.64
234,2181,Leader Meal,5.93
235,1017,Audience Meal,20.70
236,404,Spend Meal,9.29
237,1936,Commercial Meal,25.12
238,79,Young Meal,15.61
239,600,Before Meal,13.30
240,242,Economy Meal,22.92
241,1015,House Meal,6.24
242,2067,Sing Meal,16.61
243,1311,Floor Meal,26.98
244,1066,Trip Meal,22.18
245,823,Whom Meal,23.65
246,1348,Rate Meal,22.85
247,1875,Southern Meal,7.81
248,2807,Memory Meal,25.26
249,2285,Believe Meal,6.41
250,349,Break Meal,11.92
251,1265,Laugh Meal,5.71
252,1731,Place Meal,28.73
253,2948,Present Meal,11.94
254,661,Seven Meal,29.59
255,2849,Wear Meal,24.13
256,1663,Case Meal,22.50
257,534,Probably Meal,10.16
258,1739,May Meal,11.66
259,1926,Other Meal,10.36
260,2922,Whatever Meal,6.69
261,1618,Yard Meal,6.71
262,958,Network Meal,16.73
263,2837,Answer Meal,22.59
264,2451,Here Meal,12.70
265,2997,Town Meal,9.98
266,2250,Family Meal,11.26
267,1909,Produce Meal,5.49
268,2737,Individual Meal,17.91
269,1225,Evidence Meal,29.11
270,1057,Blood Meal,5.98
271,1648,Number Meal,7.68
272,1111,Type Meal,16.96
273,2462,Company Meal,13.42
274,2270,Player Meal,5.87
275,272,Five Meal,26.88
276,44,Accept Meal,23.50
277,2793,Success Meal,14.16
278,2849,Care Meal,5.77
279,301,Officer Meal,15.84
280,1992,Pressure Meal,23.19
281,2430,Program Meal,10.04
282,2879,Model Meal,18.77
283,2323,Outside Meal,29.57
284,2451,Area Meal,21.39
285,1517,Still Meal,23.55
286,124,Each Meal,6.63
287,572,Far Meal,23.90
288,1819,Strategy Meal,26.06
289,1668,Rise Meal,25.40
290,706,Career Meal,11.04
291,2300,Indicate Meal,28.10
292,155,Ask Meal,8.00
293,481,Recognize Meal,19.01
294,1773,Goal Meal,21.04
295,2699,Coach Meal,12.83
296,932,Wrong Meal,28.52
297,2508,Sense Meal,6.81
298,739,Others Meal,26.94
299,1002,Bad Meal,24.73
300,1543,Scientist Meal,13.11
301,451,Building Meal,18.83
302,2272,Field Meal,13.93
303,835,Exactly Meal,10.40
304,2943,Kitchen Meal,17.52
305,340,Identify Meal,18.21
306,737,War Meal,12.10
307,164,Attention Meal,26.65
308,2101,Only Meal,26.64
309,1395,Senior Meal,10.75
310,724,Contain Meal,14.89
311,1146,How Meal,16.93
312,2439,Think Meal,15.96
313,1381,Child Meal,22.27
314,1271,Pick Meal,16.97
315,748,Support Meal,9.84
316,1613,Far Meal,28.29
317,2558,Right Meal,28.70
318,2523,Different Meal,15.24
319,286,East Meal,15.46
320,2348,Investment Meal,25.44
321,314,Father Meal,26.78
322,65,Red Meal,28.83
323,1265,Area Meal,27.27
324,1459,Identify Meal,6.71
325,1105,About Meal,29.94
326,1213,Order Meal,14.58
327,736,Hold Meal,6.25
328,2708,Save Meal,13.90
329,2856,Imagine Meal,24.59
330,2353,People Meal,19.75
331,2836,Other Meal,7.45
332,1181,Along Meal,28.26
333,192,Popular Meal,23.37
334,2812,Up Meal,20.83
335,2051,Purpose Meal,23.46
336,1710,Study Meal,6.48
337,612,Author Meal,22.67
338,1190,But Meal,13.88
339,2180,Blood Meal,17.95
340,2978,Better Meal,28.83
341,1046,Save Meal,8.55
342,892,Remember Meal,16.43
343,2608,Others Meal,8.82
344,2212,Under Meal,7.31
345,2291,Explain Meal,11.05
346,2048,Bit Meal,11.56
347,1013,Nature Meal,25.69
348,386,Everyone Meal,23.49
349,2697,Family Meal,22.32
350,2512,Model Meal,23.72
351,1360,We Meal,22.61
352,1274,Strategy Meal,26.86
353,56,Along Meal,24.39
354,1268,Those Meal,12.85
355,428,Eye Meal,6.68
356,1789,Wear Meal,19.71
357,1081,Agreement Meal,6.67
358,2406,Sit Meal,21.48
359,2246,Out Meal,9.35
360,2160,Bank Meal,13.99
361,1746,Improve Meal,26.71
362,1223,Book Meal,15.62
363,2200,According Meal,14.49
364,1565,Different Meal,12.77
365,763,Relate Meal,20.77
366,250,Art Meal,25.47
367,1075,Ball Meal,22.90
368,1980,Science Meal,24.86
369,1265,Number Meal,26.13
370,133,Safe Meal,11.42
371,339,Remember Meal,6.76
372,660,Those Meal,26.20
373,1200,Who Meal,10.24
374,2612,Star Meal,5.89
375,2050,Off Meal,16.60
376,1045,Team Meal,12.79
377,16,General Meal,18.21
378,624,Scientist Meal,17.49
379,2795,No Meal,7.46
380,2409,Source Meal,11.03
381,2263,Toward Meal,24.24
382,1435,Hit Meal,26.97
383,2281,Find Meal,6.38
384,1203,Security Meal,8.17
385,2879,Her Meal,5.91
386,1306,For Meal,23.66
387,1348,Size Meal,13.64
388,175,Many Meal,18.69
389,625,Least Meal,7.82
390,2876,Director Meal,28.70
391,2834,Nice Meal,20.76
392,1075,Center Meal,28.56
393,1953,Direction Meal,27.04
394,2246,Message Meal,26.01
395,379,Themselves Meal,19.45
396,1959,Discover Meal,20.20
397,1171,Treat Meal,15.12
398,822,West Meal,7.01
399,2161,May Meal,20.62
400,152,Sign Meal,26.22
401,301,While Meal,7.82
402,2486,Central Meal,29.71
403,2329,Care Meal,28.46
404,674,Game Meal,22.13
405,1178,Although Meal,7.95
406,279,Onto Meal,17.70
407,2037,Necessary Meal,18.54
408,1005,End Meal,22.55
409,1968,Find Meal,25.20
410,690,Agent Meal,15.32
411,1209,Loss Meal,29.35
412,2794,Poor Meal,25.36
413,1081,Peace Meal,17.16
414,255,Coach Meal,26.69
415,1089,Realize Meal,22.08
416,2449,Oil Meal,25.15
417,414,Situation Meal,6.49
418,17,Mention Meal,19.06
419,2404,Baby Meal,10.62
420,1556,Sign Meal,23.45
421,480,Hot Meal,28.59
422,725,Weight Meal,11.85
423,2377,Or Meal,6.56
424,2817,Even Meal,21.76
425,2119,Visit Meal,24.12
426,1930,Oil Meal,28.41
427,2067,Money Meal,9.37
428,112,Try Meal,12.14
429,2626,Late Meal,13.15
430,2771,Measure Meal,7.23
431,368,Surface Meal,23.85
432,2265,Tell Meal,28.24
433,2268,Box Meal,25.40
434,2157,Let Meal,29.59
435,1117,Light Meal,15.90
436,572,Operation Meal,5.14
437,581,Task Meal,6.46
438,765,Until Meal,18.12
439,2532,Consider Meal,19.73
440,198,Born Meal,22.00
441,940,Name Meal,23.43
442,625,Recently Meal,5.84
443,2564,Possible Meal,25.52
444,1656,Ever Meal,24.35
445,2231,Here Meal,13.05
446,2305,Know Meal,28.08
447,2632,Congress Meal,19.42
448,1554,Build Meal,12.75
449,2912,Democrat Meal,10.28
450,635,Machine Meal,29.74
451,2701,Manage Meal,23.30
452,1544,Different Meal,6.75
453,1813,Project Meal,17.16
454,2132,Benefit Meal,19.88
455,576,Situation Meal,26.95
456,1743,Computer Meal,6.42
457,1038,Treatment Meal,22.42
458,1795,Room Meal,18.15
459,158,Consumer Meal,16.20
460,2811,Heart Meal,7.09
461,1653,Pass Meal,28.42
462,548,Even Meal,5.06
463,2736,Factor Meal,20.42
464,1817,Firm Meal,11.34
465,2613,Own Meal,16.47
466,1187,Nor Meal,18.53
467,1244,Rich Meal,13.60
468,1121,Team Meal,27.34
469,2452,Indeed Meal,7.12
470,2139,Eight Meal,17.24
471,1477,Sign Meal,23.37
472,367,Stop Meal,9.07
473,1803,Yourself Meal,16.59
474,68,Hotel Meal,15.85
475,1455,Audience Meal,6.88
476,2895,Company Meal,11.78
477,2586,Magazine Meal,23.25
478,95,East Meal,6.77
479,2557,Art Meal,5.85
480,502,Here Meal,6.37
481,2941,Particular Meal,16.48
482,2005,Art Meal,12.18
483,1151,Want Meal,6.70
484,536,Girl Meal,23.57
485,1534,Wait Meal,7.72
486,2192,Right Meal,28.63
487,929,Decide Meal,12.23
488,376,Three Meal,10.25
489,33,Community Meal,21.25
490,2380,Nature Meal,7.69
491,2694,City Meal,10.36
492,2459,Who Meal,11.59
493,1273,Girl Meal,17.44
494,1040,Successful Meal,24.17
495,1539,Hit Meal,13.09
496,2732,Agent Meal,19.81
497,169,Part Meal,29.00
498,2676,Since Meal,5.79
499,1226,Perform Meal,27.43
500,1912,Billion Meal,19.48
501,1539,Full Meal,22.73
502,2442,Perform Meal,12.57
503,1439,Serve Meal,8.96
504,2820,Trouble Meal,16.11
505,2218,Treatment Meal,25.52
506,1873,Reduce Meal,18.43
507,1936,System Meal,28.90
508,337,Affect Meal,12.18
509,67,Citizen Meal,11.85
510,507,Every Meal,7.13
511,2842,Ever Meal,21.17
512,2878,Drug Meal,15.03
513,1804,Garden Meal,17.06
514,97,College Meal,21.80
515,480,Meeting Meal,5.01
516,2738,Heavy Meal,16.99
517,835,Teach Meal,15.65
518,1340,Have Meal,17.60
519,722,System Meal,19.81
520,765,Example Meal,26.06
521,326,Year Meal,11.51
522,850,Operation Meal,5.24
523,1239,Offer Meal,10.04
524,2092,Purpose Meal,14.13
525,2329,Person Meal,17.26
526,2488,Idea Meal,7.25
527,1518,Another Meal,29.32
528,1688,Church Meal,26.42
529,606,State Meal,5.40
530,2172,Throw Meal,17.82
531,2714,Need Meal,23.93
532,796,Experience Meal,11.41
533,411,Oil Meal,6.83
534,2776,Option Meal,24.81
535,2154,Huge Meal,12.86
536,784,Serious Meal,10.54
537,718,Girl Meal,17.58
538,2580,Teach Meal,11.35
539,549,Collection Meal,16.95
540,2654,Kind Meal,7.65
541,1724,Candidate Meal,20.94
542,1397,So Meal,26.49
543,1049,Teacher Meal,19.11
544,1365,New Meal,29.84
545,165,Establish Meal,10.89
546,2602,Child Meal,17.05
547,2731,Play Meal,28.87
548,1133,Lawyer Meal,9.49
549,1748,Ready Meal,21.80
550,1617,Store Meal,9.26
551,815,Shake Meal,12.44
552,2343,Computer Meal,18.17
553,962,Yourself Meal,14.73
554,2532,Respond Meal,26.68
555,1617,Amount Meal,8.17
556,1473,Always Meal,29.33
557,555,Writer Meal,7.71
558,370,Push Meal,7.56
559,2818,Most Meal,11.17
560,2450,Data Meal,13.08
561,1036,Certainly Meal,27.40
562,2040,Must Meal,7.02
563,2730,Large Meal,27.76
564,1505,Reduce Meal,14.72
565,1520,See Meal,26.41
566,577,Worry Meal,26.82
567,1781,Message Meal,10.85
568,2132,Heavy Meal,17.35
569,624,Focus Meal,24.27
570,2751,Run Meal,28.27
571,1246,Leg Meal,22.11
572,2047,Congress Meal,21.07
573,1490,Care Meal,11.29
574,956,Near Meal,16.56
575,1123,Mother Meal,11.60
576,358,Them Meal,24.36
577,1081,Rise Meal,15.43
578,500,Wonder Meal,16.61
579,1502,No Meal,12.43
580,2318,Tax Meal,28.69
581,1038,Foot Meal,20.15
582,641,Quickly Meal,21.47
583,856,Mouth Meal,13.29
584,1864,Training Meal,20.22
585,538,Meeting Meal,29.10
586,917,Move Meal,16.05
587,29,System Meal,9.20
588,385,Left Meal,6.24
589,2999,Expect Meal,12.22
590,2637,Away Meal,11.63
591,1682,History Meal,29.87
592,2170,Create Meal,12.57
593,1945,Least Meal,12.45
594,2087,Room Meal,12.57
595,133,Would Meal,13.72
596,99,Method Meal,11.10
597,2209,Not Meal,19.75
598,911,Send Meal,7.58
599,1748,Determine Meal,28.23
600,1698,Bank Meal,11.42
601,633,Have Meal,16.55
602,2179,Wind Meal,24.47
603,40,Table Meal,12.45
604,2469,Toward Meal,7.12
605,312,Card Meal,10.46
606,1170,Message Meal,12.56
607,826,Could Meal,29.15
608,2098,Save Meal,25.13
609,945,Protect Meal,16.98
610,686,Option Meal,11.95
611,772,Action Meal,15.19
612,2469,Plan Meal,17.85
613,942,Wall Meal,18.03
614,664,Loss Meal,26.87
615,305,Can Meal,23.55
616,1948,Know Meal,29.99
617,2137,Card Meal,6.26
618,1194,Next Meal,19.58
619,2280,Couple Meal,18.37
620,874,Oil Meal,6.90
621,1922,Society Meal,29.25
622,12,Many Meal,29.84
623,797,Service Meal,26.69
624,2488,Impact Meal,14.39
625,526,Usually Meal,22.44
626,1725,Could Meal,19.93
627,2138,Board Meal,21.32
628,521,Gun Meal,16.19
629,365,Send Meal,27.01
630,2222,Term Meal,10.52
631,2859,Business Meal,11.45
632,27,Leader Meal,18.31
633,444,Phone Meal,17.82
634,1518,Drug Meal,27.27
635,1826,Fall Meal,10.83
636,261,From Meal,10.84
637,740,Hotel Meal,21.09
638,1457,Crime Meal,15.77
639,1913,Hit Meal,21.10
640,1464,Then Meal,24.82
641,2257,Indicate Meal,16.23
642,2181,Involve Meal,6.45
643,1661,Fire Meal,12.75
644,2305,Project Meal,28.64
645,1331,Ball Meal,5.57
646,489,All Meal,24.51
647,64,Available Meal,15.37
648,2082,Weight Meal,23.47
649,2933,Anyone Meal,26.44
650,1428,Movement Meal,14.49
651,577,Statement Meal,19.47
652,542,Once Meal,17.15
653,816,Attack Meal,22.04
654,2661,Their Meal,17.76
655,174,Realize Meal,28.06
656,481,Bar Meal,17.24
657,140,Sometimes Meal,16.25
658,218,Different Meal,5.08
659,467,Likely Meal,26.30
660,2773,Break Meal,16.10
661,945,Focus Meal,28.31
662,2179,Kind Meal,9.87
663,2677,Much Meal,6.69
664,1157,Discover Meal,27.59
665,1235,Yard Meal,6.20
666,831,View Meal,16.68
667,2636,Difficult Meal,19.64
668,728,Moment Meal,7.54
669,171,Art Meal,26.82
670,2437,Not Meal,13.84
671,1039,Record Meal,26.06
672,1928,Feel Meal,11.65
673,1993,Camera Meal,28.32
674,2209,Hot Meal,5.63
675,901,Technology Meal,10.13
676,1152,Consumer Meal,26.54
677,2311,Offer Meal,12.27
678,1908,Life Meal,21.27
679,2656,Head Meal,12.30
680,815,Law Meal,23.41
681,1105,Set Meal,26.37
682,528,Month Meal,28.26
683,1406,Sea Meal,22.02
684,384,Right Meal,28.96
685,1204,Car Meal,26.39
686,1683,Put Meal,13.64
687,2387,Notice Meal,8.87
688,209,Week Meal,18.44
689,602,Later Meal,5.50
690,1723,City Meal,28.66
691,257,Strong Meal,27.28
692,764,Key Meal,5.29
693,1507,Age Meal,14.64
694,923,Improve Meal,15.44
695,2221,Make Meal,13.67
696,2402,Long Meal,18.09
697,2414,Goal Meal,13.67
698,243,Arrive Meal,27.94
699,2888,Bar Meal,14.90
700,1133,Real Meal,19.41
701,1868,Attorney Meal,14.78
702,1824,Side Meal,19.21
703,1369,Attention Meal,12.61
704,2191,Among Meal,8.51
705,1555,Best Meal,22.34
706,1599,Meet Meal,20.83
707,989,Foreign Meal,12.36
708,86,Feel Meal,13.37
709,1271,Ago Meal,15.94
710,2098,In Meal,14.76
711,2373,High Meal,5.18
712,1552,General Meal,7.12
713,44,At Meal,15.75
714,1251,What Meal,10.95
715,1280,Vote Meal,23.86
716,1261,Arm Meal,23.53
717,2215,Allow Meal,22.07
718,1698,Town Meal,13.49
719,489,History Meal,29.48
720,945,Police Meal,13.51
721,206,Property Meal,12.21
722,981,Indicate Meal,9.41
723,1659,Design Meal,6.64
724,2068,Town Meal,6.22
725,759,Pull Meal,11.31
726,742,Cultural Meal,23.57
727,2900,Various Meal,26.38
728,186,Purpose Meal,13.91
729,848,Reflect Meal,11.13
730,2954,Garden Meal,10.12
731,2162,Agree Meal,23.97
732,1003,Herself Meal,9.78
733,2906,Suggest Meal,15.37
734,2536,Old Meal,13.09
735,804,Process Meal,24.86
736,1995,Yes Meal,14.91
737,2985,Full Meal,15.96
738,1320,Far Meal,27.39
739,2840,Direction Meal,27.18
740,12,Great Meal,19.06
741,2764,Expect Meal,12.62
742,176,Finally Meal,24.04
743,1198,Mother Meal,12.20
744,1111,Point Meal,21.05
745,1577,Test Meal,27.93
746,646,Compare Meal,13.43
747,2225,Give Meal,12.67
748,1396,Hour Meal,21.39
749,1667,First Meal,10.17
750,1364,Catch Meal,15.05
751,376,Travel Meal,22.88
752,1198,Generation Meal,7.03
753,433,Family Meal,21.32
754,1409,Stuff Meal,13.25
755,1912,Moment Meal,19.14
756,10,Open Meal,14.21
757,1350,Herself Meal,13.05
758,1287,Future Meal,22.44
759,616,Party Meal,10.90
760,975,Power Meal,13.89
761,1699,Present Meal,16.09
762,1100,Music Meal,13.20
763,2876,Nation Meal,15.41
764,2766,Century Meal,9.98
765,1444,Show Meal,8.50
766,1716,Six Meal,18.14
767,1785,Word Meal,16.13
768,258,Teach Meal,27.14
769,1895,Answer Meal,5.68
770,171,Social Meal,26.26
771,1789,Road Meal,20.80
772,901,Sense Meal,21.32
773,254,Reality Meal,19.86
774,1365,Provide Meal,18.97
775,2626,Now Meal,27.74
776,1729,Pm Meal,24.49
777,1070,Imagine Meal,6.96
778,1970,Attention Meal,26.91
779,1809,Its Meal,24.27
780,801,Republican Meal,28.25
781,2194,Local Meal,15.66
782,117,Have Meal,6.50
783,1285,Fast Meal,8.78
784,2068,Health Meal,13.77
785,2035,Great Meal,13.27
786,2893,Talk Meal,13.80
787,1292,Age Meal,10.53
788,2,Which Meal,15.47
789,401,Blood Meal,15.18
790,462,Back Meal,22.08
791,2325,Late Meal,22.57
792,1487,Clear Meal,7.35
793,1668,House Meal,14.00
794,2378,Program Meal,18.12
795,953,Beautiful Meal,22.72
796,531,Positive Meal,21.34
797,2108,Produce Meal,25.63
798,673,East Meal,17.39
799,1876,Young Meal,11.25
800,1834,As Meal,6.17
801,1195,Tend Meal,24.12
802,1174,Field Meal,7.03
803,645,Fill Meal,19.27
804,921,Staff Meal,17.22
805,976,Identify Meal,12.68
806,743,Until Meal,23.35
807,1266,Result Meal,25.42
808,1297,Lead Meal,15.23
809,788,Its Meal,18.48
810,2578,Thousand Meal,26.10
811,2466,Thus Meal,8.22
812,241,Today Meal,15.89
813,1501,Article Meal,11.70
814,868,Important Meal,22.00
815,712,Food Meal,25.66
816,2753,Myself Meal,15.93
817,43,Production Meal,6.63
818,2861,Little Meal,29.85
819,2290,Physical Meal,23.49
820,1458,Billion Meal,23.77
821,1533,Support Meal,24.84
822,940,Since Meal,21.22
823,1773,Two Meal,11.24
824,2105,Manager Meal,13.28
825,419,Way Meal,12.18
826,245,Keep Meal,29.34
827,1645,Already Meal,15.87
828,269,Since Meal,12.38
829,1675,Sure Meal,21.02
830,2640,With Meal,20.24
831,2081,Company Meal,15.85
832,937,Himself Meal,29.09
833,903,Describe Meal,10.60
834,2207,Church Meal,16.89
835,1899,Face Meal,28.54
836,2512,Pull Meal,5.64
837,1118,Officer Meal,18.74
838,2223,My Meal,6.31
839,1307,Behind Meal,21.20
840,1355,Kitchen Meal,5.67
841,389,Investment Meal,15.81
842,2917,Son Meal,25.44
843,2492,Station Meal,7.60
844,2739,Power Meal,22.15
845,2670,Beautiful Meal,14.24
846,351,Your Meal,24.97
847,155,Congress Meal,25.92
848,1216,Back Meal,28.00
849,1845,Wrong Meal,8.06
850,2360,Seat Meal,25.50
851,1736,Week Meal,29.69
852,2351,Clear Meal,26.71
853,2031,Enter Meal,17.53
854,54,Democratic Meal,21.80
855,2174,Building Meal,12.98
856,505,Write Meal,17.55
857,1950,Stop Meal,10.92
858,765,Fly Meal,9.03
859,1307,Reach Meal,13.67
860,565,Require Meal,8.58
861,844,Various Meal,10.58
862,1623,Drop Meal,13.44
863,2893,Memory Meal,22.13
864,1336,Brother Meal,16.93
865,1979,Partner Meal,24.28
866,955,Sign Meal,22.11
867,1407,Herself Meal,16.40
868,1939,Decide Meal,21.80
869,2177,Check Meal,14.56
870,1410,Learn Meal,6.34
871,1006,Prepare Meal,11.45
872,2541,Record Meal,27.59
873,543,Computer Meal,15.26
874,1129,National Meal,17.10
875,2824,Support Meal,26.44
876,2022,Risk Meal,5.39
877,426,Building Meal,10.39
878,206,Cause Meal,16.05
879,584,Senior Meal,11.48
880,1956,Political Meal,26.90
881,2551,About Meal,5.69
882,66,Drop Meal,9.16
883,2484,Near Meal,7.04
884,439,Surface Meal,24.93
885,2482,Especially Meal,22.38
886,1774,Network Meal,21.43
887,1430,Financial Meal,29.75
888,374,Teach Meal,10.86
889,196,Economy Meal,18.66
890,555,And Meal,19.71
891,2458,Responsibility Meal,20.74
892,2831,Card Meal,29.22
893,94,Reach Meal,7.07
894,757,Provide Meal,8.84
895,2013,Bad Meal,23.94
896,1148,Collection Meal,22.88
897,860,Threat Meal,5.03
898,702,Edge Meal,27.81
899,972,Control Meal,20.30
900,1694,Last Meal,29.57
901,497,Above Meal,28.36
902,763,Itself Meal,16.52
903,2667,Red Meal,6.49
904,2901,Protect Meal,6.34
905,2231,Campaign Meal,16.31
906,1438,Type Meal,7.87
907,596,Guess Meal,13.10
908,2923,Continue Meal,26.54
909,151,Game Meal,17.24
910,2987,Fear Meal,29.75
911,337,Meet Meal,18.73
912,137,Mind Meal,12.88
913,2873,Commercial Meal,18.39
914,494,Must Meal,12.14
915,783,Myself Meal,18.53
916,2295,Goal Meal,21.35
917,1915,Beat Meal,5.19
918,1262,Difficult Meal,10.16
919,2177,Song Meal,25.70
920,2606,Fear Meal,16.86
921,2827,Good Meal,26.73
922,1040,West Meal,14.46
923,746,Time Meal,27.21
924,2259,Create Meal,17.13
925,2555,Beautiful Meal,6.04
926,1962,Individual Meal,9.26
927,2656,Allow Meal,23.96
928,1300,Herself Meal,12.07
929,718,Add Meal,29.09
930,1622,Actually Meal,24.84
931,896,Tree Meal,24.36
932,2888,Check Meal,23.20
933,17,No Meal,28.62
934,1655,Cause Meal,12.88
935,745,Admit Meal,17.43
936,1876,Contain Meal,26.54
937,1952,Ago Meal,22.22
938,2279,Table Meal,21.73
939,1376,Want Meal,9.03
940,151,His Meal,12.82
941,2646,Think Meal,25.25
942,2584,Matter Meal,5.11
943,950,Study Meal,17.28
944,2834,Serious Meal,26.43
945,587,Next Meal,26.83
946,2025,Discussion Meal,21.38
947,2479,Never Meal,17.68
948,216,Majority Meal,18.03
949,1390,Some Meal,7.69
950,2910,Imagine Meal,5.90
951,1502,Role Meal,11.36
952,1276,Particularly Meal,20.73
953,1541,We Meal,24.73
954,1003,Somebody Meal,16.03
955,2840,Cell Meal,11.04
956,417,Democratic Meal,12.66
957,1506,Skin Meal,25.38
958,1535,Technology Meal,7.76
959,2143,Approach Meal,18.08
960,1119,Ten Meal,21.28
961,1042,Me Meal,22.72
962,1784,Response Meal,6.74
963,2683,Few Meal,9.57
964,2689,Teach Meal,29.67
965,1263,Office Meal,8.85
966,596,Respond Meal,5.17
967,1892,Traditional Meal,17.83
968,1544,Whatever Meal,10.80
969,1572,Serious Meal,8.76
970,2002,Parent Meal,29.84
971,2244,Development Meal,20.33
972,1893,Decade Meal,24.29
973,29,Decade Meal,24.15
974,423,Open Meal,8.11
975,1912,Realize Meal,12.00
976,2115,Indeed Meal,15.88
977,123,Why Meal,11.24
978,2514,Already Meal,19.91
979,910,Interesting Meal,13.97
980,901,East Meal,15.30
981,2880,But Meal,10.60
982,2049,Foreign Meal,11.97
983,1125,Increase Meal,25.39
984,1338,Throughout Meal,6.17
985,2359,Note Meal,7.94
986,699,Open Meal,25.13
987,2694,Small Meal,7.66
988,2777,List Meal,5.53
989,811,Finally Meal,10.94
990,2483,Industry Meal,12.13
991,2184,Why Meal,14.56
992,2374,Thousand Meal,7.37
993,648,Response Meal,16.24
994,1038,Serve Meal,5.20
995,2867,Speak Meal,20.74
996,643,Develop Meal,16.90
997,2538,Everyone Meal,9.28
998,1672,Dinner Meal,27.67
999,2157,Hotel Meal,29.20
1000,1884,Trip Meal,22.66
1001,215,Within Meal,9.72
1002,2685,His Meal,11.31
1003,2857,Throughout Meal,16.52
1004,2295,Fire Meal,24.20
1005,139,Possible Meal,20.18
1006,134,Stock Meal,18.31
1007,2856,Appear Meal,16.29
1008,276,Although Meal,14.25
1009,315,Yard Meal,23.04
1010,1978,Challenge Meal,8.12
1011,1538,Agency Meal,15.31
1012,359,White Meal,12.15
1013,2690,Discuss Meal,7.98
1014,1903,Word Meal,21.04
1015,622,Cell Meal,14.55
1016,2566,Town Meal,5.16
1017,1094,Many Meal,14.33
1018,784,Couple Meal,20.14
1019,2680,Offer Meal,12.23
1020,1343,Whole Meal,24.89
1021,1238,Now Meal,11.44
1022,23,Must Meal,11.80
1023,2268,Better Meal,28.91
1024,2365,Claim Meal,19.74
1025,910,Play Meal,24.70
1026,2094,Evidence Meal,23.42
1027,1927,Establish Meal,23.79
1028,1613,Information Meal,26.26
1029,659,Plan Meal,9.49
1030,1909,Clear Meal,9.13
1031,2244,Would Meal,19.27
1032,2563,Page Meal,5.54
1033,2824,Point Meal,14.55
1034,516,Foreign Meal,15.42
1035,1010,Method Meal,9.59
1036,1305,Phone Meal,19.86
1037,1977,Develop Meal,17.30
1038,2143,Manage Meal,13.37
1039,405,Happen Meal,5.05
1040,1351,Feeling Meal,16.08
1041,2493,Budget Meal,21.54
1042,2959,Her Meal,12.30
1043,1746,Pull Meal,24.75
1044,2047,Many Meal,7.84
1045,38,By Meal,18.16
1046,621,Democrat Meal,24.22
1047,2865,Wait Meal,20.12
1048,1193,Authority Meal,20.35
1049,301,Onto Meal,12.33
1050,1464,Beautiful Meal,21.70
1051,503,Goal Meal,5.26
1052,880,Wait Meal,6.10
1053,1149,Product Meal,17.40
1054,601,Our Meal,28.34
1055,2043,Language Meal,16.46
1056,129,Laugh Meal,24.49
1057,2752,Feeling Meal,28.49
1058,1827,Mean Meal,11.34
1059,553,Firm Meal,15.43
1060,569,Man Meal,7.78
1061,2690,Same Meal,9.28
1062,1982,Heart Meal,27.70
1063,2889,Deep Meal,6.83
1064,1491,Air Meal,28.30
1065,154,Cost Meal,8.72
1066,2190,Friend Meal,10.67
1067,825,Happen Meal,21.36
1068,2034,Music Meal,21.42
1069,1259,Teacher Meal,12.56
1070,998,Defense Meal,17.41
1071,2014,Say Meal,11.46
1072,964,Information Meal,20.30
1073,2617,Cut Meal,6.98
1074,807,War Meal,20.85
1075,1909,Little Meal,8.88
1076,2793,Certainly Meal,28.31
1077,636,Well Meal,22.78
1078,748,Clear Meal,25.92
1079,9,Reach Meal,12.38
1080,2843,Film Meal,9.71
1081,1850,Product Meal,18.98
1082,186,Seat Meal,13.38
1083,2795,Foreign Meal,24.00
1084,1044,Cold Meal,26.99
1085,1366,Ok Meal,20.99
1086,2889,Soon Meal,10.56
1087,1919,Foreign Meal,16.95
1088,189,Huge Meal,21.73
1089,916,Box Meal,29.17
1090,1414,Scene Meal,15.83
1091,1915,Control Meal,18.76
1092,1823,Believe Meal,18.48
1093,2726,Stop Meal,21.23
1094,1368,Military Meal,29.54
1095,1855,Foot Meal,26.23
1096,1690,Fire Meal,14.51
1097,1355,At Meal,13.08
1098,1736,Not Meal,14.28
1099,1858,Student Meal,6.48
1100,205,Remember Meal,26.55
1101,1247,Pretty Meal,11.60
1102,2754,Range Meal,25.13
1103,580,Might Meal,25.90
1104,34,Itself Meal,17.71
1105,2307,Party Meal,25.52
1106,166,Type Meal,29.07
1107,1676,Cut Meal,18.99
1108,2851,Store Meal,7.92
1109,196,People Meal,10.87
1110,92,South Meal,14.54
1111,1268,Final Meal,12.93
1112,36,Eat Meal,21.72
1113,732,Choice Meal,17.80
1114,1338,Hear Meal,8.14
1115,2612,Guess Meal,10.86
1116,928,School Meal,30.00
1117,1876,Compare Meal,5.77
1118,697,Student Meal,24.51
1119,1055,Fall Meal,19.64
1120,1472,Look Meal,5.99
1121,2862,Sense Meal,12.06
1122,157,Approach Meal,15.95
1123,2077,Home Meal,19.78
1124,2445,Much Meal,12.21
1125,1184,Room Meal,27.24
1126,1460,Rate Meal,27.15
1127,1171,Occur Meal,10.56
1128,2597,Instead Meal,25.89
1129,2086,Bill Meal,12.55
1130,593,Player Meal,11.23
1131,2055,Maintain Meal,10.17
1132,2885,Course Meal,15.52
1133,982,Right Meal,5.33
1134,2267,Attorney Meal,6.99
1135,426,Prevent Meal,18.19
1136,118,Dog Meal,18.42
1137,864,Wonder Meal,10.53
1138,2441,Us Meal,29.31
1139,1761,Teach Meal,19.75
1140,923,Upon Meal,13.89
1141,2359,Certain Meal,18.92
1142,376,Ago Meal,24.21
1143,552,Town Meal,16.07
1144,33,State Meal,28.44
1145,690,Sign Meal,14.94
1146,1956,At Meal,29.99
1147,2870,Good Meal,9.27
1148,1038,Culture Meal,24.38
1149,228,Book Meal,28.58
1150,2218,Style Meal,14.62
1151,477,Four Meal,12.21
1152,1509,Field Meal,11.13
1153,2877,Shake Meal,17.11
1154,773,Space Meal,18.34
1155,1825,Attention Meal,6.19
1156,595,There Meal,21.77
1157,514,Type Meal,29.36
1158,2156,How Meal,25.10
1159,1615,Term Meal,8.04
1160,2265,Office Meal,21.53
1161,1179,Onto Meal,19.09
1162,2483,According Meal,20.54
1163,1100,Everyone Meal,15.38
1164,138,Level Meal,6.42
1165,7,A Meal,24.94
1166,921,Employee Meal,18.83
1167,2045,Notice Meal,15.34
1168,1517,Play Meal,11.51
1169,1918,Painting Meal,16.39
1170,62,One Meal,26.21
1171,2511,Reveal Meal,5.15
1172,2858,Whose Meal,11.68
1173,566,Interesting Meal,7.54
1174,2267,Describe Meal,21.44
1175,1291,Product Meal,21.71
1176,921,End Meal,20.01
1177,1176,Hold Meal,9.37
1178,2933,Water Meal,28.27
1179,884,Sign Meal,9.18
1180,1984,Something Meal,23.78
1181,2425,Industry Meal,14.24
1182,663,Still Meal,20.99
1183,2165,Think Meal,6.37
1184,781,Tough Meal,5.57
1185,980,Difference Meal,12.24
1186,879,Blood Meal,6.73
1187,249,Money Meal,25.72
1188,2926,Others Meal,11.56
1189,2906,Let Meal,28.13
1190,2375,Difficult Meal,15.66
1191,1662,Boy Meal,25.01
1192,2712,Eight Meal,9.23
1193,1473,See Meal,17.00
1194,1068,Least Meal,7.93
1195,209,Difficult Meal,26.25
1196,2837,Side Meal,26.03
1197,1146,Relationship Meal,26.67
1198,582,Usually Meal,18.67
1199,2473,Set Meal,25.15
1200,2284,Second Meal,10.53
1201,1080,Many Meal,8.73
1202,1485,General Meal,10.69
1203,388,Successful Meal,16.89
1204,892,Authority Meal,21.71
1205,1264,Prepare Meal,17.02
1206,1440,Tough Meal,26.77
1207,778,Race Meal,15.37
1208,638,Arrive Meal,15.32
1209,288,Effect Meal,5.11
1210,1627,Both Meal,11.32
1211,2883,Down Meal,8.85
1212,1903,Far Meal,22.38
1213,1322,Bring Meal,26.03
1214,660,Decision Meal,21.65
1215,318,Note Meal,9.89
1216,1733,About Meal,23.27
1217,1854,Stay Meal,29.60
1218,2926,Case Meal,13.29
1219,339,Me Meal,17.52
1220,1630,Concern Meal,12.44
1221,2254,Food Meal,26.80
1222,840,Such Meal,5.36
1223,18,Food Meal,6.59
1224,2298,Recognize Meal,14.38
1225,1296,Cost Meal,21.30
1226,1173,Cut Meal,22.55
1227,2281,Beyond Meal,16.28
1228,359,Both Meal,22.91
1229,2873,Break Meal,25.87
1230,2300,Apply Meal,20.64
1231,1149,Bed Meal,24.57
1232,133,Letter Meal,7.59
1233,1802,Hotel Meal,15.87
1234,1674,Remain Meal,24.61
1235,2374,In Meal,16.81
1236,1423,Who Meal,5.33
1237,106,Meet Meal,23.07
1238,1765,Nearly Meal,17.01
1239,82,For Meal,7.16
1240,1271,Board Meal,16.39
1241,56,Nation Meal,14.72
1242,830,Girl Meal,15.03
1243,2326,The Meal,26.56
1244,904,Source Meal,13.00
1245,2667,Rate Meal,23.62
1246,2816,Security Meal,24.87
1247,1505,Take Meal,12.96
1248,1768,Party Meal,29.97
1249,2343,Travel Meal,9.40
1250,2633,Our Meal,9.94
1251,2954,Black Meal,21.34
1252,95,Building Meal,20.64
1253,2805,Ball Meal,23.35
1254,596,Cost Meal,29.26
1255,921,Fire Meal,22.65
1256,1575,Institution Meal,13.20
1257,481,Talk Meal,16.55
1258,932,Rate Meal,7.37
1259,1910,Magazine Meal,6.27
1260,933,Structure Meal,5.07
1261,1983,Lay Meal,25.45
1262,1380,Inside Meal,10.50
1263,900,Hair Meal,20.27
1264,2400,Attorney Meal,5.75
1265,2837,Security Meal,22.78
1266,252,Add Meal,10.02
1267,111,Least Meal,18.04
1268,2800,Laugh Meal,29.45
1269,406,Could Meal,22.96
1270,475,And Meal,27.50
1271,2908,Others Meal,9.34
1272,2648,Culture Meal,15.31
1273,2994,Nice Meal,15.48
1274,2839,Pull Meal,21.34
1275,452,Possible Meal,15.86
1276,2518,Spring Meal,9.62
1277,820,Official Meal,27.95
1278,69,Marriage Meal,14.64
1279,2768,Member Meal,13.31
1280,1990,Must Meal,26.94
1281,2305,Herself Meal,15.10
1282,751,Rate Meal,6.45
1283,1685,Lead Meal,18.49
1284,2955,Choose Meal,22.29
1285,2264,Wish Meal,14.32
1286,2089,Particular Meal,25.45
1287,1786,Professional Meal,6.72
1288,465,Pick Meal,25.57
1289,1421,A Meal,5.54
1290,1860,Audience Meal,8.75
1291,1743,Machine Meal,24.29
1292,2823,Commercial Meal,17.32
1293,2263,Security Meal,13.96
1294,813,Create Meal,18.55
1295,1269,Make Meal,8.84
1296,1349,Want Meal,10.54
1297,2426,Entire Meal,19.53
1298,2063,Beautiful Meal,24.10
1299,270,Make Meal,9.60
1300,1668,Thousand Meal,22.00
1301,566,Keep Meal,28.98
1302,2574,Evening Meal,5.55
1303,2296,Certainly Meal,12.03
1304,2187,Magazine Meal,10.35
1305,853,Service Meal,24.63
1306,2850,Type Meal,16.49
1307,616,News Meal,13.74
1308,1820,Address Meal,17.33
1309,1595,Ask Meal,7.69
1310,1452,Up Meal,15.79
1311,375,Bring Meal,19.54
1312,1221,Onto Meal,9.91
1313,1896,Contain Meal,28.15
1314,2164,Partner Meal,18.96
1315,138,Decade Meal,16.92
1316,1574,Address Meal,14.14
1317,231,Thousand Meal,21.02
1318,2452,Weight Meal,19.06
1319,114,Sometimes Meal,16.76
1320,1431,Hour Meal,21.60
1321,588,Learn Meal,18.29
1322,108,Song Meal,29.69
1323,840,Fly Meal,19.40
1324,366,Place Meal,18.45
1325,1532,Hot Meal,24.82
1326,2618,Significant Meal,14.76
1327,617,Later Meal,10.74
1328,2970,Per Meal,5.03
1329,2178,Explain Meal,24.04
1330,2511,Result Meal,27.96
1331,595,Live Meal,18.21
1332,1993,Ten Meal,19.93
1333,73,Candidate Meal,6.40
1334,995,Forget Meal,26.08
1335,1016,Dream Meal,19.10
1336,82,Perhaps Meal,6.24
1337,1562,Fight Meal,29.56
1338,2762,Candidate Meal,19.51
1339,203,School Meal,28.81
1340,1299,We Meal,25.82
1341,2209,Dark Meal,21.47
1342,1142,Bill Meal,16.01
1343,835,Particularly Meal,10.91
1344,636,Yeah Meal,21.08
1345,105,Image Meal,29.40
1346,306,Firm Meal,25.20
1347,1248,Leg Meal,25.86
1348,611,Represent Meal,29.29
1349,1005,Bed Meal,26.73
1350,2367,Key Meal,9.29
1351,741,Hotel Meal,28.33
1352,603,South Meal,13.55
1353,2176,Eight Meal,5.24
1354,2191,Democratic Meal,19.33
1355,1549,If Meal,8.44
1356,2784,Place Meal,23.77
1357,2470,One Meal,5.48
1358,940,Rich Meal,7.42
1359,2106,Away Meal,26.38
1360,2344,Former Meal,27.74
1361,1008,Sing Meal,23.64
1362,2633,Which Meal,24.91
1363,2056,Current Meal,16.47
1364,873,Real Meal,5.19
1365,1470,Up Meal,26.10
1366,1152,Community Meal,18.70
1367,1226,Must Meal,18.61
1368,765,Democrat Meal,24.30
1369,1158,Away Meal,18.93
1370,162,Every Meal,22.54
1371,2879,And Meal,21.34
1372,1422,Particularly Meal,17.22
1373,1215,Answer Meal,24.17
1374,1154,Less Meal,20.17
1375,2845,Conference Meal,5.39
1376,930,Bad Meal,7.96
1377,1581,Store Meal,10.51
1378,2134,But Meal,20.84
1379,2858,Vote Meal,26.56
1380,2597,Follow Meal,28.17
1381,2418,Fire Meal,11.05
1382,2390,Store Meal,26.72
1383,1199,Risk Meal,7.66
1384,1070,Carry Meal,9.92
1385,444,Ability Meal,12.14
1386,1166,Fine Meal,12.20
1387,1977,Try Meal,19.98
1388,1888,Group Meal,16.56
1389,337,Including Meal,21.57
1390,539,Able Meal,27.26
1391,569,Response Meal,24.57
1392,1977,Fact Meal,9.41
1393,990,Language Meal,24.49
1394,1509,Choice Meal,16.45
1395,1048,Whose Meal,11.25
1396,2609,Space Meal,19.53
1397,1550,Around Meal,16.84
1398,884,Life Meal,26.83
1399,2523,Or Meal,12.97
1400,270,Reach Meal,23.69
1401,400,Arm Meal,17.68
1402,1042,Alone Meal,27.03
1403,2742,Throughout Meal,11.51
1404,2376,Child Meal,8.19
1405,80,Size Meal,29.78
1406,686,Open Meal,19.61
1407,208,Each Meal,16.88
1408,1821,Worker Meal,27.82
1409,2032,Poor Meal,22.17
1410,1017,Office Meal,24.49
1411,75,Wish Meal,18.36
1412,253,Prevent Meal,9.19
1413,943,Age Meal,8.78
1414,2887,Eye Meal,16.74
1415,44,Start Meal,28.80
1416,699,Around Meal,18.75
1417,2395,Continue Meal,27.44
1418,707,Account Meal,10.14
1419,127,Visit Meal,10.38
1420,1508,Fast Meal,15.51
1421,2894,Color Meal,11.81
1422,2714,Painting Meal,24.34
1423,249,Think Meal,7.66
1424,1063,Choice Meal,19.36
1425,1834,Between Meal,18.86
1426,2736,Anyone Meal,17.90
1427,2134,Notice Meal,10.14
1428,2483,Rule Meal,29.36
1429,2949,Air Meal,20.44
1430,404,Economic Meal,26.28
1431,2351,Reduce Meal,21.60
1432,661,Stuff Meal,11.21
1433,573,Name Meal,27.69
1434,799,Popular Meal,8.28
1435,1147,Stay Meal,8.43
1436,1530,Man Meal,8.55
1437,2585,Congress Meal,19.61
1438,2168,Perform Meal,21.56
1439,1101,Treat Meal,7.87
1440,1427,Goal Meal,21.03
1441,1262,Law Meal,27.81
1442,2762,Act Meal,11.66
1443,1422,Less Meal,7.43
1444,159,Get Meal,13.30
1445,975,Raise Meal,14.18
1446,2727,Crime Meal,26.81
1447,572,Might Meal,25.23
1448,2255,Opportunity Meal,26.27
1449,312,Market Meal,24.66
1450,1024,Vote Meal,18.75
1451,2080,Soldier Meal,28.64
1452,551,He Meal,11.68
1453,556,Community Meal,17.24
1454,1784,Staff Meal,20.62
1455,2532,Region Meal,5.39
1456,2344,And Meal,26.32
1457,1660,Eat Meal,5.64
1458,2385,Though Meal,23.44
1459,165,Event Meal,13.19
1460,2086,Item Meal,22.93
1461,1599,Doctor Meal,20.98
1462,568,Foreign Meal,27.02
1463,872,Event Meal,21.17
1464,2907,Success Meal,28.29
1465,838,Thing Meal,13.79
1466,38,Thought Meal,19.68
1467,2647,Mrs Meal,6.01
1468,2584,Card Meal,25.11
1469,1536,Boy Meal,5.11
1470,2657,Red Meal,20.95
1471,2584,Guess Meal,25.53
1472,860,Yard Meal,29.98
1473,336,Area Meal,26.93
1474,62,Name Meal,22.82
1475,1761,Join Meal,12.64
1476,155,Whole Meal,21.80
1477,1241,Work Meal,24.36
1478,6,Resource Meal,8.71
1479,1044,Receive Meal,22.61
1480,1018,Mother Meal,26.77
1481,1881,Family Meal,21.83
1482,1056,Marriage Meal,15.48
1483,1840,Child Meal,7.33
1484,900,Consider Meal,6.31
1485,573,Smile Meal,14.92
1486,515,Executive Meal,29.08
1487,704,According Meal,10.91
1488,1038,Above Meal,10.10
1489,206,Conference Meal,7.72
1490,2466,Tell Meal,21.74
1491,2422,Pretty Meal,29.62
1492,1247,Available Meal,29.54
1493,558,Strategy Meal,27.47
1494,2678,Such Meal,15.42
1495,865,Minute Meal,10.32
1496,2952,Out Meal,15.70
1497,1094,Space Meal,20.95
1498,2460,Democrat Meal,16.37
1499,479,Organization Meal,10.53
1500,2028,Republican Meal,5.60
1501,1747,Recent Meal,6.80
1502,1878,Take Meal,14.38
1503,2129,Technology Meal,10.12
1504,165,Participant Meal,20.25
1505,243,See Meal,9.46
1506,1420,Energy Meal,16.73
1507,1826,Work Meal,16.20
1508,637,Single Meal,10.38
1509,2899,According Meal,18.70
1510,2391,Performance Meal,25.41
1511,513,Prepare Meal,21.95
1512,1345,Population Meal,19.98
1513,1305,Message Meal,26.54
1514,1042,Message Meal,19.86
1515,2182,Although Meal,24.06
1516,1692,Treat Meal,19.54
1517,2225,Model Meal,8.84
1518,2389,Society Meal,27.57
1519,423,Responsibility Meal,12.35
1520,934,Know Meal,29.42
1521,406,Ask Meal,20.06
1522,412,Window Meal,13.68
1523,1796,Blue Meal,12.71
1524,1739,Today Meal,16.23
1525,151,Example Meal,23.63
1526,2608,Few Meal,23.61
1527,463,Break Meal,27.39
1528,2651,International Meal,23.59
1529,2600,Case Meal,23.05
1530,524,Else Meal,29.79
1531,1973,Window Meal,11.19
1532,540,Second Meal,16.19
1533,2707,Along Meal,13.45
1534,2766,Film Meal,15.82
1535,1460,Race Meal,28.78
1536,1168,Article Meal,27.92
1537,2161,Nation Meal,27.51
1538,1768,Respond Meal,13.94
1539,787,Ago Meal,22.82
1540,2700,Up Meal,17.47
1541,2783,Until Meal,24.46
1542,769,Certain Meal,8.56
1543,2914,Cell Meal,20.19
1544,1886,Director Meal,8.98
1545,645,Character Meal,20.85
1546,1899,Ball Meal,27.54
1547,2127,Scene Meal,9.01
1548,2300,Group Meal,23.37
1549,2122,Moment Meal,13.58
1550,2929,Cause Meal,12.62
1551,551,Example Meal,5.75
1552,2034,Staff Meal,11.67
1553,2287,Last Meal,25.20
1554,1604,Can Meal,8.36
1555,425,Authority Meal,16.88
1556,2008,Quality Meal,8.85
1557,795,Sign Meal,26.53
1558,1643,Practice Meal,17.71
1559,1907,Receive Meal,25.96
1560,2465,Because Meal,20.24
1561,2762,Agree Meal,14.77
1562,1256,Million Meal,19.90
1563,681,Public Meal,18.60
1564,197,Skill Meal,6.14
1565,2940,Room Meal,14.41
1566,2884,Identify Meal,18.14
1567,1267,Owner Meal,11.96
1568,1880,Whatever Meal,5.67
1569,1313,Month Meal,28.39
1570,1434,Before Meal,5.75
1571,1984,During Meal,24.80
1572,986,Those Meal,6.51
1573,2600,Like Meal,13.86
1574,2794,Image Meal,23.54
1575,1253,Task Meal,14.10
1576,1797,Thousand Meal,6.11
1577,72,Stuff Meal,25.26
1578,2606,Score Meal,20.30
1579,1268,Join Meal,17.70
1580,2217,Somebody Meal,18.67
1581,1176,Family Meal,16.77
1582,1867,Most Meal,28.00
1583,558,Let Meal,11.38
1584,2029,Nearly Meal,12.08
1585,2806,Hospital Meal,16.69
1586,421,War Meal,23.25
1587,245,Half Meal,12.44
1588,1117,Sing Meal,22.24
1589,2019,Term Meal,6.42
1590,2403,Look Meal,20.08
1591,148,Itself Meal,5.58
1592,2772,Expect Meal,29.64
1593,1221,Church Meal,27.33
1594,45,Investment Meal,22.67
1595,1133,Beautiful Meal,16.42
1596,1850,Crime Meal,28.26
1597,1635,Imagine Meal,8.02
1598,1444,Coach Meal,15.74
1599,731,Party Meal,11.23
1600,1575,Grow Meal,6.34
1601,2295,Around Meal,22.06
1602,2378,Worry Meal,11.83
1603,2916,How Meal,23.48
1604,1946,Reach Meal,18.71
1605,2245,Career Meal,5.31
1606,2598,Rich Meal,5.03
1607,1316,Few Meal,22.01
1608,1828,Record Meal,15.93
1609,1674,Consumer Meal,14.02
1610,1859,Mother Meal,14.08
1611,162,Upon Meal,26.96
1612,2107,Father Meal,17.09
1613,1847,Anyone Meal,23.04
1614,1975,Cell Meal,19.88
1615,2649,Onto Meal,20.87
1616,56,Senior Meal,26.84
1617,1881,Court Meal,7.30
1618,2644,Feeling Meal,19.57
1619,1246,Inside Meal,8.24
1620,2199,Enter Meal,29.90
1621,145,Soon Meal,7.37
1622,2584,That Meal,10.20
1623,1247,Two Meal,23.21
1624,1650,Indicate Meal,21.79
1625,2678,Raise Meal,26.13
1626,636,Able Meal,20.56
1627,2409,According Meal,8.61
1628,2110,Eye Meal,28.89
1629,2702,Last Meal,12.54
1630,382,Set Meal,10.27
1631,2337,Which Meal,10.72
1632,1292,Work Meal,7.34
1633,2691,Hotel Meal,26.56
1634,2385,Suggest Meal,27.23
1635,2617,Age Meal,19.29
1636,2427,Enjoy Meal,18.24
1637,2345,So Meal,22.28
1638,2629,Carry Meal,15.38
1639,1032,Above Meal,21.99
1640,1205,Surface Meal,10.45
1641,1748,Reality Meal,5.11
1642,1032,Page Meal,5.61
1643,2103,Real Meal,28.26
1644,2617,Set Meal,25.36
1645,881,Western Meal,29.30
1646,2529,Draw Meal,7.12
1647,2050,Statement Meal,8.96
1648,2766,Move Meal,26.85
1649,1555,Resource Meal,9.41
1650,2671,Own Meal,28.16
1651,1274,Write Meal,17.99
1652,340,Night Meal,26.01
1653,1479,Fly Meal,15.33
1654,1912,Discuss Meal,22.08
1655,2629,Former Meal,17.78
1656,2093,Near Meal,5.12
1657,1538,Think Meal,6.32
1658,776,Rich Meal,10.87
1659,503,Beat Meal,12.02
1660,326,Party Meal,14.64
1661,581,Political Meal,9.52
1662,529,Direction Meal,23.72
1663,2545,Loss Meal,23.90
1664,1781,Gas Meal,15.45
1665,2620,Least Meal,29.94
1666,1618,Meeting Meal,15.20
1667,116,Guess Meal,5.57
1668,274,Air Meal,23.39
1669,1405,Respond Meal,22.89
1670,536,Statement Meal,21.28
1671,2166,Author Meal,18.49
1672,559,Fish Meal,10.09
1673,2589,Name Meal,8.63
1674,1531,Hot Meal,15.91
1675,2038,President Meal,7.99
1676,2792,Pretty Meal,26.98
1677,947,Early Meal,18.84
1678,2762,Family Meal,14.81
1679,466,I Meal,29.16
1680,717,Per Meal,23.20
1681,838,Here Meal,23.45
1682,359,Too Meal,17.07
1683,2377,Group Meal,6.44
1684,1082,Western Meal,23.21
1685,1180,Hit Meal,28.09
1686,369,Administration Meal,24.09
1687,279,Remain Meal,15.35
1688,144,Senior Meal,22.44
1689,487,Economic Meal,10.59
1690,676,Decade Meal,13.98
1691,2689,Language Meal,17.54
1692,1423,Thousand Meal,29.60
1693,421,Huge Meal,23.35
1694,2272,Note Meal,5.91
1695,1606,True Meal,6.77
1696,2830,Us Meal,15.93
1697,1540,Program Meal,26.08
1698,2440,Else Meal,21.66
1699,2745,Source Meal,12.07
1700,2216,Though Meal,12.92
1701,2632,Daughter Meal,25.58
1702,1687,Raise Meal,16.77
1703,1620,Piece Meal,14.92
1704,1003,Help Meal,28.29
1705,2221,Woman Meal,14.81
1706,832,What Meal,9.49
1707,1236,Though Meal,28.70
1708,145,Commercial Meal,9.39
1709,2033,Move Meal,28.78
1710,2114,In Meal,5.24
1711,319,He Meal,27.14
1712,2392,List Meal,26.29
1713,2845,Ahead Meal,10.74
1714,1018,Begin Meal,22.23
1715,126,Your Meal,14.92
1716,2464,Experience Meal,9.88
1717,2101,Force Meal,24.55
1718,908,Arrive Meal,17.02
1719,1702,Who Meal,25.97
1720,1207,Front Meal,14.59
1721,2296,Speak Meal,15.39
1722,2348,Chair Meal,8.35
1723,2244,Old Meal,11.59
1724,609,Bed Meal,24.27
1725,822,Sister Meal,14.30
1726,2924,Rock Meal,27.88
1727,1933,Edge Meal,21.84
1728,1647,Bar Meal,6.61
1729,2497,Heart Meal,16.66
1730,583,Again Meal,24.86
1731,2937,Key Meal,19.33
1732,356,Environmental Meal,13.43
1733,2085,Almost Meal,8.77
1734,195,Miss Meal,9.74
1735,1302,Experience Meal,21.34
1736,62,Term Meal,10.32
1737,1505,Room Meal,9.03
1738,2225,Sing Meal,14.02
1739,2022,General Meal,29.88
1740,1744,Team Meal,14.46
1741,619,Thought Meal,25.45
1742,726,Entire Meal,26.66
1743,1497,Push Meal,25.31
1744,491,Bag Meal,27.48
1745,1824,Edge Meal,10.76
1746,1345,Increase Meal,25.44
1747,2507,Or Meal,14.60
1748,2260,Base Meal,16.90
1749,2314,Ok Meal,17.42
1750,941,Sense Meal,9.27
1751,708,Find Meal,29.34
1752,1774,Short Meal,14.67
1753,1615,Baby Meal,29.70
1754,1364,Election Meal,16.58
1755,1161,Hotel Meal,5.25
1756,2009,Market Meal,24.26
1757,886,Race Meal,29.40
1758,2166,Table Meal,18.29
1759,472,Reveal Meal,22.63
1760,575,Want Meal,22.16
1761,1331,Black Meal,6.11
1762,1126,Family Meal,23.24
1763,1038,Fine Meal,19.58
1764,1120,Notice Meal,24.35
1765,1642,Less Meal,29.62
1766,543,Section Meal,6.47
1767,2467,Represent Meal,12.87
1768,2904,Thus Meal,21.45
1769,1919,Great Meal,18.34
1770,2416,Suggest Meal,16.59
1771,2965,Spend Meal,29.41
1772,2055,Write Meal,16.53
1773,2468,Price Meal,11.83
1774,1775,Office Meal,23.86
1775,342,Commercial Meal,11.20
1776,673,Run Meal,28.58
1777,1411,Including Meal,17.01
1778,884,Good Meal,5.61
1779,1864,Cold Meal,10.50
1780,1398,Professor Meal,15.76
1781,164,Candidate Meal,20.25
1782,2681,Money Meal,8.32
1783,590,Individual Meal,19.43
1784,1775,Else Meal,15.69
1785,1220,Move Meal,15.02
1786,1767,Practice Meal,27.50
1787,1787,Of Meal,22.91
1788,100,Add Meal,18.69
1789,335,Throw Meal,10.11
1790,2424,Today Meal,28.39
1791,1887,Certain Meal,15.07
1792,2519,Deep Meal,19.40
1793,1117,Require Meal,10.88
1794,1095,Why Meal,16.99
1795,804,Professional Meal,7.68
1796,1092,Real Meal,24.42
1797,721,Drug Meal,28.67
1798,2065,Fish Meal,12.78
1799,2144,Few Meal,6.10
1800,1873,Short Meal,5.27
1801,508,Trouble Meal,6.46
1802,1005,Radio Meal,17.85
1803,2930,Reflect Meal,8.10
1804,1529,Price Meal,10.21
1805,844,Speech Meal,27.55
1806,684,Political Meal,13.67
1807,667,Our Meal,13.38
1808,557,Lot Meal,22.35
1809,221,Down Meal,10.78
1810,259,Field Meal,29.53
1811,778,Ever Meal,14.87
1812,2755,Share Meal,11.78
1813,1942,Form Meal,20.05
1814,371,Him Meal,13.42
1815,2344,Field Meal,20.48
1816,2581,Policy Meal,23.16
1817,2232,Page Meal,10.67
1818,2250,Budget Meal,16.00
1819,2747,Seven Meal,25.82
1820,2835,Agree Meal,22.34
1821,2381,Its Meal,18.99
1822,2008,Approach Meal,12.62
1823,2486,Certain Meal,23.86
1824,2353,Day Meal,11.55
1825,2777,Reason Meal,23.81
1826,1824,Western Meal,18.91
1827,1158,Study Meal,26.08
1828,215,Whose Meal,10.60
1829,170,Light Meal,27.21
1830,2066,Receive Meal,16.18
1831,2664,Pm Meal,11.64
1832,2364,Result Meal,7.56
1833,593,Be Meal,29.19
1834,2567,Subject Meal,18.30
1835,1612,Country Meal,16.60
1836,1645,Race Meal,24.83
1837,309,Then Meal,10.71
1838,1454,Several Meal,26.37
1839,798,Sit Meal,28.14
1840,2503,Record Meal,13.56
1841,2335,Result Meal,27.55
1842,2349,Grow Meal,16.21
1843,337,Force Meal,27.78
1844,1280,Body Meal,14.20
1845,2631,It Meal,5.25
1846,1955,Occur Meal,17.85
1847,155,Minute Meal,16.98
1848,31,Around Meal,25.73
1849,2807,Your Meal,28.79
1850,2114,Visit Meal,7.80
1851,859,That Meal,6.84
1852,1023,Common Meal,17.53
1853,1093,Should Meal,27.50
1854,1978,Movement Meal,19.44
1855,2507,Exactly Meal,24.91
1856,1043,Particular Meal,24.12
1857,2106,Play Meal,20.46
1858,2281,Behavior Meal,18.19
1859,1134,Total Meal,23.19
1860,839,Least Meal,5.14
1861,683,Million Meal,10.02
1862,718,Republican Meal,19.68
1863,2946,On Meal,25.58
1864,1205,Respond Meal,28.22
1865,384,Box Meal,11.89
1866,2256,Floor Meal,19.69
1867,1690,Point Meal,6.86
1868,2766,Bank Meal,27.01
1869,796,Final Meal,13.00
1870,1955,Without Meal,19.11
1871,1716,Everybody Meal,17.87
1872,2953,Bed Meal,21.23
1873,591,Section Meal,19.55
1874,1522,Full Meal,24.94
1875,2195,Century Meal,29.55
1876,2607,Ask Meal,23.95
1877,2336,Deal Meal,16.33
1878,1929,Magazine Meal,15.85
1879,2557,Late Meal,13.92
1880,691,Especially Meal,11.87
1881,1303,Man Meal,27.39
1882,671,Federal Meal,15.32
1883,1069,Role Meal,11.04
1884,782,Safe Meal,10.43
1885,1909,Art Meal,11.41
1886,1475,While Meal,24.53
1887,1555,Single Meal,22.82
1888,1935,Chair Meal,23.65
1889,368,Law Meal,22.40
1890,158,Hold Meal,8.72
1891,1059,Fine Meal,26.17
1892,802,Make Meal,6.70
1893,2984,Hour Meal,24.75
1894,1728,Maintain Meal,20.93
1895,2079,Heavy Meal,28.13
1896,2825,Forget Meal,13.36
1897,387,Live Meal,16.25
1898,1270,Half Meal,17.87
1899,2681,Local Meal,14.35
1900,164,Would Meal,9.28
1901,2159,Approach Meal,29.68
1902,155,Beat Meal,6.02
1903,2821,Mr Meal,21.46
1904,2854,Teach Meal,16.16
1905,2581,Federal Meal,26.59
1906,748,However Meal,8.75
1907,743,Model Meal,20.04
1908,1267,Per Meal,9.59
1909,821,Near Meal,5.18
1910,2716,Political Meal,22.75
1911,2371,Hold Meal,11.20
1912,1802,Pressure Meal,11.61
1913,2996,Hit Meal,19.90
1914,487,Kid Meal,25.27
1915,1971,Outside Meal,6.89
1916,1365,Able Meal,8.00
1917,2843,Hair Meal,8.44
1918,2356,Again Meal,23.16
1919,2376,Long Meal,24.02
1920,1064,For Meal,14.35
1921,374,East Meal,6.52
1922,2547,Area Meal,5.33
1923,1548,Pull Meal,8.00
1924,458,Born Meal,21.85
1925,567,Suggest Meal,17.88
1926,1319,Threat Meal,9.65
1927,1838,Realize Meal,11.37
1928,443,Like Meal,28.39
1929,2296,Only Meal,24.04
1930,351,Those Meal,27.16
1931,2390,Choice Meal,16.43
1932,230,Possible Meal,11.19
1933,843,Also Meal,5.29
1934,1119,Suffer Meal,11.40
1935,2745,Feeling Meal,11.42
1936,1659,Option Meal,13.83
1937,1565,Really Meal,6.12
1938,2733,Idea Meal,25.27
1939,2339,Choose Meal,26.35
1940,1331,Case Meal,9.29
1941,1140,Later Meal,27.88
1942,2283,Very Meal,7.27
1943,2929,Hand Meal,5.49
1944,1458,Thing Meal,28.09
1945,2296,Grow Meal,5.67
1946,2727,Blood Meal,27.69
1947,232,May Meal,5.11
1948,684,Player Meal,27.40
1949,2086,House Meal,7.45
1950,1017,Majority Meal,6.77
1951,2655,Place Meal,13.43
1952,2124,Game Meal,14.71
1953,2901,Film Meal,24.94
1954,1812,Heart Meal,17.28
1955,1826,Long Meal,20.43
1956,903,Read Meal,11.71
1957,432,Plant Meal,12.82
1958,2361,Almost Meal,9.98
1959,1639,Sound Meal,23.96
1960,1567,Feel Meal,18.62
1961,376,Condition Meal,29.56
1962,107,Answer Meal,22.02
1963,208,View Meal,28.24
1964,1489,Tv Meal,5.47
1965,715,Student Meal,25.81
1966,2981,Since Meal,5.57
1967,1589,Service Meal,13.73
1968,2725,Per Meal,21.61
1969,2860,Finally Meal,8.34
1970,182,Nation Meal,6.20
1971,2226,Quickly Meal,15.60
1972,1854,Stand Meal,21.00
1973,2448,Ten Meal,17.25
1974,2577,Car Meal,12.62
1975,2398,Drive Meal,16.35
1976,2512,Face Meal,9.31
1977,2270,Picture Meal,24.82
1978,2560,Form Meal,26.32
1979,663,Together Meal,29.78
1980,2765,Look Meal,12.69
1981,1788,Box Meal,26.52
1982,1659,Consider Meal,19.43
1983,217,Hope Meal,28.13
1984,54,Hit Meal,10.25
1985,461,Call Meal,5.70
1986,1306,Opportunity Meal,10.46
1987,948,Performance Meal,29.75
1988,71,Character Meal,5.65
1989,1616,Weight Meal,7.42
1990,936,Field Meal,26.80
1991,1597,Yet Meal,27.78
1992,2739,Perhaps Meal,19.70
1993,2593,Ahead Meal,9.81
1994,1341,Wall Meal,15.22
1995,2585,White Meal,24.47
1996,61,Wonder Meal,26.54
1997,622,Investment Meal,19.80
1998,1217,Deal Meal,20.99
1999,1526,Wide Meal,6.70
2000,1696,Prove Meal,28.31
2001,2574,Maintain Meal,15.76
2002,107,Vote Meal,15.91
2003,196,Try Meal,25.83
2004,2107,Seat Meal,7.36
2005,1260,Himself Meal,10.63
2006,929,True Meal,22.29
2007,1334,Power Meal,22.49
2008,525,Feeling Meal,23.67
2009,953,Chance Meal,17.53
2010,1041,Process Meal,23.64
2011,888,Church Meal,11.72
2012,2529,Once Meal,16.69
2013,32,Eat Meal,15.24
2014,1027,Guy Meal,10.04
2015,512,Side Meal,20.09
2016,2756,Investment Meal,23.33
2017,1625,Institution Meal,19.99
2018,2982,Field Meal,26.05
2019,1934,Particularly Meal,12.36
2020,2569,Without Meal,28.59
2021,44,Glass Meal,22.16
2022,2651,Ahead Meal,23.96
2023,652,First Meal,22.04
2024,2012,Serious Meal,13.33
2025,1226,Road Meal,14.16
2026,2000,May Meal,24.52
2027,2552,From Meal,29.07
2028,2595,Fly Meal,23.55
2029,1326,Item Meal,5.04
2030,1964,News Meal,12.69
2031,271,Lot Meal,20.26
2032,2463,Thus Meal,12.84
2033,2897,Boy Meal,5.07
2034,2704,Hot Meal,14.54
2035,255,Effort Meal,11.69
2036,1572,Number Meal,18.65
2037,1705,Bit Meal,29.69
2038,2626,Full Meal,8.93
2039,874,Article Meal,13.65
2040,451,Later Meal,15.80
2041,318,Make Meal,27.00
2042,309,Relate Meal,28.53
2043,2754,Serious Meal,5.28
2044,1430,Data Meal,20.52
2045,139,Heart Meal,19.61
2046,439,Author Meal,24.95
2047,1526,Hotel Meal,8.88
2048,1079,Go Meal,13.30
2049,706,Nation Meal,12.50
2050,90,Better Meal,21.86
2051,2283,Gun Meal,23.95
2052,915,Among Meal,25.93
2053,68,Visit Meal,15.48
2054,196,Court Meal,7.97
2055,823,Item Meal,11.11
2056,406,Cover Meal,27.30
2057,2517,Source Meal,18.46
2058,2985,Order Meal,11.93
2059,2448,Its Meal,10.31
2060,2785,Eat Meal,27.92
2061,2035,Theory Meal,9.95
2062,1677,Human Meal,10.46
2063,130,Later Meal,5.85
2064,124,Reality Meal,11.78
2065,1626,Area Meal,8.43
2066,766,Order Meal,10.80
2067,614,Someone Meal,9.96
2068,182,Nothing Meal,17.44
2069,2305,Doctor Meal,16.39
2070,1221,Teacher Meal,23.70
2071,168,Those Meal,18.77
2072,636,Forward Meal,8.68
2073,1209,Southern Meal,15.13
2074,2733,Class Meal,26.74
2075,586,Value Meal,22.08
2076,2426,Wife Meal,7.98
2077,598,Chair Meal,5.69
2078,1512,Land Meal,29.84
2079,2550,Determine Meal,20.23
2080,2123,Plan Meal,15.87
2081,2685,Letter Meal,26.34
2082,381,Song Meal,13.17
2083,1180,Particular Meal,27.40
2084,85,Detail Meal,21.36
2085,2806,Practice Meal,14.96
2086,2687,According Meal,17.16
2087,2012,Eye Meal,28.43
2088,495,Road Meal,6.32
2089,2954,Make Meal,29.49
2090,2805,Man Meal,15.62
2091,1544,Boy Meal,11.57
2092,2433,On Meal,16.52
2093,2084,Culture Meal,26.77
2094,2445,Hour Meal,16.70
2095,28,Career Meal,22.09
2096,301,Meet Meal,9.50
2097,549,Drive Meal,14.49
2098,1895,Explain Meal,12.84
2099,2009,Stage Meal,5.83
2100,357,Natural Meal,24.33
2101,2366,Act Meal,21.45
2102,2874,Perhaps Meal,23.17
2103,933,Become Meal,15.01
2104,54,Two Meal,15.25
2105,1691,Benefit Meal,8.91
2106,1199,Heavy Meal,13.53
2107,326,Our Meal,11.87
2108,2481,Material Meal,28.94
2109,1099,Everyone Meal,24.22
2110,2579,Thus Meal,18.02
2111,2623,Present Meal,16.81
2112,1328,Well Meal,25.87
2113,660,Represent Meal,22.45
2114,2184,Suddenly Meal,12.64
2115,161,Month Meal,16.40
2116,2152,Customer Meal,7.57
2117,1564,Opportunity Meal,14.45
2118,1292,Their Meal,21.46
2119,1058,Power Meal,22.66
2120,2996,Prove Meal,17.34
2121,2200,Measure Meal,27.45
2122,1462,Until Meal,17.56
2123,159,Enough Meal,21.82
2124,2251,Response Meal,14.55
2125,2617,Discussion Meal,12.05
2126,2756,Every Meal,26.94
2127,2797,Official Meal,22.04
2128,2039,Major Meal,19.63
2129,2338,Much Meal,29.09
2130,2074,Involve Meal,16.89
2131,2172,Level Meal,26.36
2132,1701,Use Meal,24.50
2133,2294,College Meal,6.84
2134,2360,Sea Meal,29.71
2135,1341,Page Meal,13.84
2136,1643,Often Meal,26.55
2137,2451,Under Meal,7.18
2138,68,Stop Meal,16.32
2139,746,Father Meal,29.66
2140,315,Hospital Meal,15.71
2141,1302,Plan Meal,12.20
2142,1786,Truth Meal,20.05
2143,1923,Probably Meal,11.24
2144,540,Into Meal,22.86
2145,2819,Degree Meal,22.18
2146,461,Performance Meal,21.99
2147,836,Appear Meal,7.98
2148,2878,Forget Meal,13.50
2149,1955,Pay Meal,10.21
2150,1710,Water Meal,11.17
2151,2224,Answer Meal,8.22
2152,2097,Mention Meal,10.65
2153,64,Make Meal,19.86
2154,2323,Despite Meal,15.77
2155,2272,Me Meal,6.14
2156,1129,Guess Meal,29.82
2157,332,Service Meal,9.13
2158,2136,Study Meal,8.55
2159,2288,Recent Meal,6.30
2160,390,Do Meal,26.34
2161,2890,Institution Meal,20.96
2162,1407,Style Meal,20.63
2163,2287,Use Meal,5.29
2164,2167,Physical Meal,13.12
2165,321,Wish Meal,7.73
2166,377,Keep Meal,11.61
2167,2753,Treatment Meal,12.72
2168,142,Artist Meal,24.94
2169,677,Property Meal,28.76
2170,1147,Open Meal,24.98
2171,74,No Meal,15.40
2172,1609,Almost Meal,28.05
2173,2246,Need Meal,9.18
2174,584,Stay Meal,28.09
2175,1131,Different Meal,25.48
2176,1597,Bad Meal,16.71
2177,2801,Face Meal,6.46
2178,1534,Pm Meal,5.41
2179,964,Must Meal,13.44
2180,1016,Attack Meal,25.97
2181,2551,Easy Meal,17.80
2182,2519,Worker Meal,25.31
2183,1789,Hear Meal,28.60
2184,1723,Yard Meal,22.10
2185,154,Away Meal,14.26
2186,2181,Majority Meal,19.58
2187,2348,Sit Meal,7.33
2188,1402,Table Meal,22.31
2189,974,Sure Meal,6.36
2190,1683,Campaign Meal,18.74
2191,2838,Risk Meal,29.52
2192,2418,Maintain Meal,17.48
2193,1416,Him Meal,17.11
2194,1530,Court Meal,13.07
2195,2178,Add Meal,17.37
2196,953,Maintain Meal,11.84
2197,182,Know Meal,13.49
2198,2772,Easy Meal,9.19
2199,1585,Teach Meal,8.43
2200,2912,Kitchen Meal,18.53
2201,318,Discover Meal,8.96
2202,607,Major Meal,15.51
2203,1588,Friend Meal,24.67
2204,473,Popular Meal,24.05
2205,2031,Notice Meal,17.33
2206,2809,Either Meal,7.66
2207,2946,Continue Meal,17.92
2208,2314,I Meal,14.44
2209,854,Young Meal,14.93
2210,2370,Very Meal,16.61
2211,609,Meeting Meal,19.79
2212,2845,Modern Meal,9.83
2213,2839,Say Meal,11.48
2214,2319,Evidence Meal,17.81
2215,1202,Left Meal,6.74
2216,875,Enjoy Meal,20.20
2217,546,Senior Meal,11.51
2218,2022,Across Meal,10.84
2219,109,Month Meal,15.88
2220,1110,Heart Meal,5.67
2221,1294,Maintain Meal,18.84
2222,747,Walk Meal,23.27
2223,1809,Yard Meal,7.77
2224,546,Speak Meal,12.27
2225,1103,Congress Meal,20.76
2226,920,Page Meal,7.48
2227,395,Theory Meal,27.32
2228,1427,Include Meal,16.31
2229,2713,Leader Meal,20.83
2230,2876,Character Meal,8.40
2231,1974,Ahead Meal,15.75
2232,2849,Recent Meal,15.88
2233,2859,Box Meal,9.21
2234,1030,Walk Meal,13.99
2235,2046,Third Meal,26.64
2236,52,Dog Meal,13.57
2237,731,They Meal,5.13
2238,2463,Force Meal,26.01
2239,1869,Serve Meal,28.62
2240,2906,Billion Meal,19.24
2241,2611,Street Meal,15.07
2242,391,Too Meal,29.65
2243,1996,Forget Meal,27.58
2244,1474,Sure Meal,6.64
2245,1362,Clearly Meal,21.63
2246,654,Often Meal,14.88
2247,1907,Project Meal,5.73
2248,778,Tough Meal,7.82
2249,2892,Worry Meal,11.42
2250,2711,Collection Meal,27.57
2251,1968,Happen Meal,13.93
2252,374,Program Meal,14.69
2253,1888,Increase Meal,27.26
2254,1042,However Meal,23.78
2255,2372,Democrat Meal,14.13
2256,1662,Our Meal,29.99
2257,2838,They Meal,28.28
2258,1540,Several Meal,13.73
2259,25,Cost Meal,25.64
2260,1886,Least Meal,29.54
2261,1643,Else Meal,9.32
2262,893,Party Meal,11.76
2263,1610,Specific Meal,27.06
2264,50,Could Meal,17.51
2265,2547,Enter Meal,5.09
2266,2599,Day Meal,9.17
2267,1732,Cover Meal,27.27
2268,710,Painting Meal,21.79
2269,32,Identify Meal,27.46
2270,1805,Clear Meal,10.17
2271,1175,Report Meal,21.82
2272,162,Space Meal,10.90
2273,2442,Together Meal,29.10
2274,1708,Many Meal,25.59
2275,2012,Left Meal,18.27
2276,2613,Myself Meal,6.36
2277,295,Effect Meal,17.66
2278,2447,Soldier Meal,12.14
2279,2883,Call Meal,5.77
2280,2754,Say Meal,18.89
2281,819,Under Meal,14.12
2282,650,Whose Meal,20.13
2283,2124,Serve Meal,21.32
2284,1143,Age Meal,21.42
2285,19,Pressure Meal,7.02
2286,1404,New Meal,10.81
2287,745,Value Meal,15.03
2288,782,Rock Meal,19.78
2289,22,Hour Meal,28.77
2290,296,Actually Meal,18.88
2291,2117,Career Meal,18.89
2292,948,Meet Meal,6.35
2293,736,Central Meal,25.14
2294,1090,Body Meal,13.81
2295,2752,Bill Meal,25.64
2296,131,Board Meal,23.00
2297,1592,Meeting Meal,9.88
2298,1918,Herself Meal,9.18
2299,130,Star Meal,7.09
2300,2404,Least Meal,19.22
2301,1053,Level Meal,12.67
2302,341,Strong Meal,6.35
2303,2156,Step Meal,25.92
2304,2576,Indicate Meal,14.41
2305,1299,Lay Meal,7.78
2306,2658,New Meal,11.01
2307,145,Firm Meal,7.56
2308,1131,Because Meal,25.30
2309,498,Late Meal,13.88
2310,122,Young Meal,12.68
2311,1919,Within Meal,19.27
2312,1150,Appear Meal,13.40
2313,550,Attorney Meal,27.75
2314,2897,Arm Meal,13.13
2315,717,Sure Meal,7.08
2316,2394,Wear Meal,17.87
2317,1673,Spend Meal,9.46
2318,577,Administration Meal,19.48
2319,1516,Reveal Meal,12.17
2320,2030,Doctor Meal,16.68
2321,45,Exist Meal,21.37
2322,720,Maintain Meal,8.85
2323,2653,More Meal,10.54
2324,431,Think Meal,11.62
2325,2936,Fill Meal,11.50
2326,2483,Guy Meal,18.53
2327,1820,Federal Meal,7.27
2328,2840,Pay Meal,25.62
2329,1880,Should Meal,5.71
2330,2514,Apply Meal,25.88
2331,1304,Education Meal,7.03
2332,2724,Yet Meal,10.81
2333,755,Of Meal,8.87
2334,550,Perhaps Meal,18.45
2335,1870,Everyone Meal,10.38
2336,258,Leave Meal,28.59
2337,640,Card Meal,18.66
2338,1025,About Meal,19.95
2339,378,Expect Meal,24.12
2340,2789,Become Meal,21.79
2341,500,Cup Meal,29.22
2342,2642,Fire Meal,9.61
2343,2612,Record Meal,25.58
2344,2177,Real Meal,7.87
2345,742,Effort Meal,24.04
2346,264,His Meal,11.35
2347,538,How Meal,6.62
2348,605,Political Meal,27.02
2349,2223,Shoulder Meal,18.24
2350,1624,Some Meal,18.06
2351,2094,Argue Meal,19.52
2352,1329,Buy Meal,12.90
2353,1612,Sound Meal,28.88
2354,2881,Without Meal,16.11
2355,1341,Thousand Meal,9.65
2356,2247,Item Meal,25.15
2357,1990,Their Meal,9.45
2358,2854,Old Meal,12.60
2359,1923,Agreement Meal,7.03
2360,2542,Name Meal,28.69
2361,1171,Painting Meal,13.52
2362,569,Conference Meal,17.83
2363,615,Decide Meal,24.42
2364,2529,Market Meal,7.13
2365,2842,Out Meal,25.27
2366,1978,End Meal,28.68
2367,1647,Talk Meal,12.01
2368,2850,Their Meal,7.19
2369,2584,Capital Meal,21.21
2370,2441,Especially Meal,24.05
2371,456,Dinner Meal,15.45
2372,1109,Individual Meal,19.23
2373,216,Dark Meal,11.94
2374,1677,Word Meal,11.30
2375,2053,Prove Meal,15.08
2376,2829,Other Meal,21.02
2377,407,Across Meal,19.36
2378,562,Number Meal,7.54
2379,718,Total Meal,14.68
2380,2374,Pass Meal,7.26
2381,1963,Pass Meal,28.25
2382,1397,Itself Meal,20.03
2383,184,Network Meal,6.52
2384,531,Along Meal,19.41
2385,630,Nearly Meal,29.93
2386,1117,Father Meal,19.38
2387,1275,Argue Meal,23.76
2388,234,Lot Meal,15.08
2389,1940,Else Meal,12.52
2390,2738,Increase Meal,20.13
2391,2569,News Meal,23.22
2392,97,Boy Meal,18.47
2393,869,Total Meal,25.73
2394,2683,Knowledge Meal,27.83
2395,334,Tend Meal,5.45
2396,2453,Week Meal,5.17
2397,131,Himself Meal,14.93
2398,2467,Control Meal,6.59
2399,975,Local Meal,24.80
2400,2289,Stage Meal,11.44
2401,1102,Box Meal,27.13
2402,2957,Enter Meal,19.65
2403,2570,Sit Meal,10.91
2404,2123,Fly Meal,17.49
2405,382,Long Meal,18.34
2406,2398,Surface Meal,14.22
2407,2512,Candidate Meal,22.81
2408,614,Common Meal,20.54
2409,8,Able Meal,26.56
2410,1981,Live Meal,21.31
2411,1342,Home Meal,19.02
2412,2542,Car Meal,29.74
2413,50,Discover Meal,7.53
2414,1804,Language Meal,29.56
2415,2638,Alone Meal,17.07
2416,1988,Notice Meal,13.08
2417,443,Spring Meal,16.48
2418,1251,Happen Meal,8.12
2419,1919,National Meal,23.92
2420,108,Participant Meal,24.42
2421,479,Executive Meal,16.89
2422,617,Way Meal,21.81
2423,561,Number Meal,8.87
2424,762,Performance Meal,24.12
2425,2221,Three Meal,7.53
2426,205,Board Meal,14.16
2427,371,Big Meal,6.31
2428,1940,Capital Meal,5.40
2429,1108,Social Meal,26.12
2430,202,Trouble Meal,20.15
2431,2384,Ahead Meal,29.25
2432,308,Form Meal,15.87
2433,2134,Project Meal,22.04
2434,2867,Attack Meal,28.47
2435,338,Look Meal,5.10
2436,2444,Be Meal,17.50
2437,1901,First Meal,21.50
2438,2668,Difference Meal,7.35
2439,2339,Minute Meal,23.87
2440,1189,Across Meal,29.66
2441,2336,I Meal,10.44
2442,2047,Ten Meal,29.44
2443,1275,Difficult Meal,16.84
2444,2966,Mean Meal,15.36
2445,791,South Meal,20.60
2446,1021,Some Meal,20.76
2447,2174,Set Meal,9.90
2448,115,Two Meal,21.84
2449,2211,Street Meal,25.43
2450,2184,After Meal,9.09
2451,2638,Small Meal,20.77
2452,873,Hand Meal,26.19
2453,2651,Staff Meal,13.91
2454,2444,The Meal,17.71
2455,508,Air Meal,14.96
2456,416,Example Meal,22.07
2457,15,Easy Meal,21.57
2458,2724,Mother Meal,14.41
2459,1430,Choose Meal,15.25
2460,792,Represent Meal,24.73
2461,2878,World Meal,8.96
2462,1463,Clear Meal,5.05
2463,2582,Myself Meal,17.79
2464,2426,Party Meal,29.41
2465,2922,Out Meal,22.94
2466,404,Level Meal,14.31
2467,1749,Message Meal,7.15
2468,1226,Future Meal,26.63
2469,2139,Remain Meal,21.99
2470,727,Why Meal,27.29
2471,587,Major Meal,17.02
2472,2453,Until Meal,9.18
2473,1862,Rock Meal,18.82
2474,1719,Compare Meal,7.99
2475,1786,Save Meal,19.51
2476,93,Response Meal,10.49
2477,2480,Finally Meal,19.90
2478,2386,National Meal,18.35
2479,113,Line Meal,15.21
2480,2942,Agent Meal,16.90
2481,504,Interesting Meal,14.97
2482,1881,Maybe Meal,16.66
2483,1980,Onto Meal,24.97
2484,766,People Meal,14.95
2485,1767,Speak Meal,5.87
2486,1794,If Meal,24.16
2487,1973,Vote Meal,28.37
2488,1800,Across Meal,26.87
2489,804,Hair Meal,28.52
2490,2051,List Meal,23.54
2491,1642,Catch Meal,5.05
2492,1686,Quality Meal,20.34
2493,2725,Note Meal,24.43
2494,1189,Test Meal,8.87
2495,1806,Thought Meal,10.07
2496,875,Hour Meal,6.46
2497,1114,Single Meal,12.35
2498,2075,Heavy Meal,7.10
2499,1189,Across Meal,12.72
2500,414,Difference Meal,18.92
2501,2683,Office Meal,13.21
2502,615,Pass Meal,5.28
2503,1179,Party Meal,8.03
2504,810,Treatment Meal,9.44
2505,2278,Wrong Meal,27.60
2506,1422,Inside Meal,18.83
2507,439,Loss Meal,8.59
2508,331,Region Meal,17.32
2509,262,Effect Meal,9.11
2510,2107,Range Meal,24.62
2511,1756,Summer Meal,8.78
2512,796,Though Meal,17.47
2513,233,Right Meal,25.18
2514,1406,Economic Meal,14.16
2515,2948,Establish Meal,8.74
2516,1831,Then Meal,16.44
2517,1223,Street Meal,29.41
2518,741,Other Meal,9.97
2519,2707,Many Meal,21.40
2520,2802,Blue Meal,5.72
2521,1814,Pass Meal,6.41
2522,1374,Bad Meal,5.88
2523,655,Pass Meal,6.09
2524,1994,Bar Meal,18.47
2525,893,Give Meal,24.01
2526,1933,Ability Meal,5.61
2527,645,Front Meal,20.13
2528,303,Help Meal,9.31
2529,1184,Remember Meal,6.59
2530,2786,Authority Meal,24.26
2531,2350,Follow Meal,21.89
2532,490,Beautiful Meal,19.28
2533,2715,Health Meal,20.18
2534,1727,Save Meal,21.65
2535,1182,Pick Meal,15.85
2536,266,Either Meal,6.48
2537,206,Specific Meal,12.40
2538,653,Should Meal,17.62
2539,2424,Site Meal,23.22
2540,763,Huge Meal,8.85
2541,2674,Manager Meal,13.53
2542,1288,Year Meal,27.69
2543,1340,Administration Meal,18.37
2544,197,All Meal,15.89
2545,1937,Consider Meal,12.09
2546,875,Explain Meal,29.28
2547,1603,Available Meal,25.59
2548,2962,Interesting Meal,16.25
2549,825,Same Meal,23.86
2550,994,Simple Meal,20.09
2551,348,Sense Meal,12.51
2552,53,Indeed Meal,20.87
2553,582,Relate Meal,7.64
2554,709,Local Meal,26.67
2555,2030,Together Meal,15.15
2556,1578,Require Meal,29.94
2557,1748,Partner Meal,18.81
2558,944,Quite Meal,6.65
2559,1563,Shoulder Meal,7.81
2560,454,To Meal,27.36
2561,2640,Although Meal,11.42
2562,729,Behavior Meal,27.01
2563,2435,Control Meal,29.99
2564,2775,Peace Meal,17.54
2565,963,Manage Meal,28.97
2566,1089,Back Meal,27.09
2567,2977,Around Meal,20.71
2568,1853,Born Meal,23.32
2569,459,Lose Meal,12.17
2570,1095,School Meal,10.80
2571,404,Oil Meal,23.49
2572,93,Cut Meal,18.65
2573,2112,Change Meal,23.75
2574,2546,Improve Meal,29.44
2575,443,Reach Meal,9.62
2576,1105,Style Meal,21.27
2577,989,Throughout Meal,27.73
2578,1530,Walk Meal,28.61
2579,1851,Former Meal,13.87
2580,1206,Woman Meal,9.25
2581,2681,Player Meal,13.74
2582,207,Happen Meal,18.88
2583,2521,Technology Meal,15.84
2584,2094,Whom Meal,13.79
2585,338,Billion Meal,21.91
2586,804,Few Meal,13.24
2587,2219,Throughout Meal,25.66
2588,1210,Candidate Meal,11.65
2589,2268,Someone Meal,9.90
2590,1396,Woman Meal,16.97
2591,595,How Meal,11.65
2592,1451,Interest Meal,12.57
2593,803,Argue Meal,26.34
2594,556,Senior Meal,16.20
2595,386,Require Meal,19.87
2596,766,Knowledge Meal,24.87
2597,2717,Policy Meal,9.78
2598,2048,Choice Meal,23.65
2599,1085,Thing Meal,18.69
2600,900,Without Meal,21.60
2601,2476,Born Meal,28.40
2602,1635,Will Meal,26.09
2603,1734,Ago Meal,21.52
2604,1713,Establish Meal,26.71
2605,2775,Film Meal,19.43
2606,1515,Possible Meal,8.47
2607,2078,Cause Meal,16.34
2608,1220,Go Meal,19.34
2609,628,Room Meal,8.40
2610,819,Create Meal,20.90
2611,1108,Gas Meal,25.26
2612,1839,Conference Meal,18.03
2613,2951,East Meal,10.62
2614,448,News Meal,22.28
2615,684,Issue Meal,24.02
2616,2296,Recent Meal,5.06
2617,1585,Energy Meal,19.85
2618,642,International Meal,14.93
2619,1510,Hour Meal,22.07
2620,2557,Well Meal,13.59
2621,1970,Back Meal,28.54
2622,606,Find Meal,17.63
2623,884,Pattern Meal,14.23
2624,1034,Husband Meal,11.71
2625,929,Ask Meal,9.44
2626,794,Play Meal,10.73
2627,1869,Full Meal,29.38
2628,1953,Bit Meal,20.23
2629,100,Money Meal,24.93
2630,1445,Cold Meal,27.84
2631,2236,Wall Meal,6.60
2632,2478,Study Meal,26.84
2633,1842,History Meal,15.92
2634,2267,Loss Meal,22.28
2635,2645,True Meal,28.85
2636,2955,Seat Meal,27.35
2637,2002,Teach Meal,19.72
2638,1611,Line Meal,18.72
2639,1318,Article Meal,5.32
2640,1440,End Meal,23.33
2641,2076,Add Meal,17.83
2642,347,Pay Meal,16.08
2643,798,Girl Meal,17.33
2644,863,Property Meal,17.48
2645,703,Sense Meal,26.43
2646,1087,Market Meal,11.23
2647,1125,Law Meal,18.37
2648,2191,Cell Meal,8.01
2649,2221,Great Meal,5.28
2650,2854,Seem Meal,24.44
2651,2369,Same Meal,6.43
2652,823,By Meal,28.14
2653,1145,Phone Meal,18.56
2654,1465,Respond Meal,12.37
2655,1031,Side Meal,16.37
2656,2992,Such Meal,16.77
2657,836,Traditional Meal,28.51
2658,2416,Loss Meal,5.59
2659,2828,Believe Meal,24.53
2660,688,Edge Meal,19.16
2661,1737,Knowledge Meal,18.62
2662,425,At Meal,17.68
2663,1666,Future Meal,24.21
2664,2162,For Meal,10.81
2665,751,Top Meal,30.00
2666,2067,Reason Meal,8.81
2667,2651,Property Meal,29.09
2668,818,Understand Meal,19.63
2669,253,Whose Meal,7.14
2670,2554,Together Meal,16.29
2671,617,Late Meal,29.24
2672,2260,Half Meal,11.26
2673,1486,Almost Meal,13.51
2674,1899,Management Meal,22.14
2675,2691,Box Meal,14.51
2676,1593,Today Meal,27.21
2677,2537,Training Meal,5.94
2678,686,Growth Meal,8.96
2679,1073,Often Meal,22.53
2680,59,Month Meal,9.98
2681,1498,What Meal,5.47
2682,2061,Person Meal,17.52
2683,1253,Shoulder Meal,11.88
2684,237,Spring Meal,10.46
2685,1605,Culture Meal,10.32
2686,735,Bag Meal,29.04
2687,1865,Treatment Meal,26.11
2688,860,Blue Meal,29.41
2689,1778,Involve Meal,21.70
2690,186,His Meal,19.61
2691,990,Guy Meal,28.66
2692,1897,Kitchen Meal,8.18
2693,1174,Put Meal,5.70
2694,715,Record Meal,8.71
2695,1593,International Meal,11.79
2696,1483,Plan Meal,10.43
2697,2360,Season Meal,14.65
2698,2521,Hour Meal,13.73
2699,2591,Professor Meal,18.47
2700,1442,Around Meal,22.50
2701,2358,Certainly Meal,29.87
2702,112,Us Meal,24.09
2703,957,Process Meal,20.39
2704,2562,Table Meal,11.85
2705,1089,Line Meal,15.11
2706,879,Economy Meal,12.02
2707,543,Glass Meal,16.23
2708,2622,Support Meal,10.96
2709,1678,As Meal,27.92
2710,723,Professional Meal,16.41
2711,2749,Statement Meal,22.10
2712,411,Stop Meal,13.53
2713,1704,Reflect Meal,29.48
2714,1077,Reason Meal,17.75
2715,688,People Meal,5.34
2716,272,Yeah Meal,7.08
2717,2207,Recognize Meal,10.22
2718,2838,Collection Meal,25.58
2719,2232,Condition Meal,29.12
2720,1351,Could Meal,25.85
2721,1771,Want Meal,13.44
2722,2462,Each Meal,18.26
2723,2020,Half Meal,26.86
2724,1869,End Meal,22.90
2725,2250,Out Meal,24.02
2726,1017,Stuff Meal,21.19
2727,1312,Explain Meal,18.45
2728,1942,Mrs Meal,24.75
2729,1177,Attention Meal,27.41
2730,1224,Chair Meal,5.15
2731,2059,Major Meal,18.34
2732,1032,Fire Meal,27.54
2733,2323,Her Meal,8.59
2734,39,Nor Meal,25.83
2735,1858,Positive Meal,28.60
2736,2145,Option Meal,22.34
2737,2803,Want Meal,21.71
2738,2579,Body Meal,20.25
2739,652,Many Meal,6.21
2740,1893,Find Meal,11.02
2741,1542,House Meal,9.89
2742,1986,Professional Meal,21.63
2743,1208,Church Meal,9.79
2744,2488,Model Meal,29.62
2745,2472,Always Meal,22.07
2746,248,Treat Meal,23.50
2747,519,Event Meal,14.73
2748,1650,Public Meal,9.56
2749,912,Thousand Meal,12.10
2750,571,Become Meal,15.93
2751,1860,Force Meal,28.67
2752,252,Safe Meal,12.88
2753,1801,Raise Meal,18.32
2754,2178,Almost Meal,5.91
2755,356,Blue Meal,10.65
2756,500,Foreign Meal,12.13
2757,708,Increase Meal,27.11
2758,1820,Safe Meal,14.80
2759,2400,Debate Meal,13.10
2760,2089,Six Meal,8.24
2761,1927,Unit Meal,29.47
2762,1073,Simply Meal,29.38
2763,538,Word Meal,28.88
2764,749,Money Meal,24.22
2765,1039,Sense Meal,13.28
2766,15,Different Meal,29.02
2767,2485,And Meal,10.78
2768,2118,Person Meal,10.72
2769,1791,Civil Meal,25.81
2770,187,Energy Meal,9.37
2771,1636,Station Meal,23.51
2772,1204,Test Meal,7.75
2773,1525,Against Meal,28.32
2774,988,Material Meal,20.17
2775,1889,Television Meal,21.73
2776,2617,Whose Meal,29.81
2777,688,See Meal,21.91
2778,1737,It Meal,24.91
2779,2601,Collection Meal,12.91
2780,869,Next Meal,18.29
2781,2503,Here Meal,7.70
2782,2285,Wait Meal,13.56
2783,2830,Mention Meal,16.93
2784,809,Piece Meal,14.37
2785,2679,Campaign Meal,10.51
2786,2944,Economic Meal,27.30
2787,2163,Yet Meal,15.26
2788,1322,Reduce Meal,9.03
2789,973,Again Meal,18.54
2790,24,Million Meal,27.57
2791,56,Later Meal,17.09
2792,2366,Seem Meal,10.49
2793,1954,Good Meal,29.20
2794,600,Live Meal,16.78
2795,635,We Meal,16.67
2796,1885,Model Meal,16.24
2797,1893,Him Meal,20.94
2798,714,Certain Meal,25.45
2799,1845,Wide Meal,28.40
2800,2471,Policy Meal,8.92
2801,2478,Fly Meal,22.14
2802,1080,Pressure Meal,28.71
2803,1524,Culture Meal,24.74
2804,638,Side Meal,12.71
2805,2434,Better Meal,11.01
2806,812,Exist Meal,15.21
2807,1751,Herself Meal,22.01
2808,2814,Full Meal,13.65
2809,1071,Behavior Meal,28.90
2810,847,Difficult Meal,14.79
2811,378,Season Meal,22.29
2812,1360,Poor Meal,16.01
2813,2229,Better Meal,23.16
2814,2958,Address Meal,19.99
2815,1784,Address Meal,22.08
2816,2442,Stuff Meal,25.31
2817,764,Across Meal,14.60
2818,396,Generation Meal,16.61
2819,951,Whole Meal,26.15
2820,1821,Often Meal,5.30
2821,754,Project Meal,9.63
2822,151,Data Meal,25.44
2823,2592,Month Meal,21.72
2824,1538,Player Meal,22.74
2825,1234,Enjoy Meal,7.36
2826,650,Service Meal,22.37
2827,1364,Relate Meal,25.17
2828,2225,Nothing Meal,6.79
2829,2043,Tv Meal,16.72
2830,2389,Bad Meal,24.89
2831,2345,News Meal,11.31
2832,1642,Director Meal,7.86
2833,28,Think Meal,22.47
2834,668,Letter Meal,23.07
2835,496,See Meal,20.77
2836,232,Five Meal,24.12
2837,459,Rule Meal,11.34
2838,387,Shoulder Meal,16.32
2839,1745,Meeting Meal,5.24
2840,2091,City Meal,11.68
2841,1079,Bit Meal,12.55
2842,973,Late Meal,25.21
2843,1674,Claim Meal,12.59
2844,617,Organization Meal,13.14
2845,1597,Tell Meal,21.09
2846,468,Sense Meal,24.79
2847,267,Section Meal,20.20
2848,471,Third Meal,13.91
2849,2861,Response Meal,19.21
2850,2947,Rate Meal,12.40
2851,2647,Clearly Meal,25.72
2852,414,Discuss Meal,11.96
2853,35,Represent Meal,11.30
2854,2723,Part Meal,25.36
2855,330,Six Meal,17.20
2856,2781,Executive Meal,11.96
2857,2955,Upon Meal,25.16
2858,1271,Subject Meal,16.46
2859,2303,Level Meal,18.85
2860,1286,Think Meal,23.78
2861,2336,Able Meal,18.65
2862,1670,Light Meal,9.20
2863,62,Politics Meal,17.29
2864,2112,Head Meal,12.47
2865,1218,Age Meal,10.28
2866,2793,Dream Meal,9.83
2867,1955,Provide Meal,21.98
2868,1625,Old Meal,13.90
2869,53,Choose Meal,12.10
2870,2437,History Meal,23.14
2871,1204,Sound Meal,7.94
2872,2116,Owner Meal,21.05
2873,294,Institution Meal,24.75
2874,2416,Trial Meal,26.72
2875,146,Increase Meal,29.63
2876,942,Suddenly Meal,6.92
2877,946,Technology Meal,20.24
2878,380,More Meal,22.15
2879,2199,Partner Meal,19.31
2880,2361,Number Meal,20.33
2881,101,Big Meal,6.88
2882,1868,Quickly Meal,20.02
2883,1451,Truth Meal,28.24
2884,639,School Meal,5.81
2885,2841,Name Meal,29.39
2886,665,Try Meal,15.64
2887,2559,Material Meal,10.67
2888,2021,Operation Meal,25.75
2889,2265,Green Meal,29.52
2890,232,Discuss Meal,10.50
2891,2749,Very Meal,23.06
2892,1462,Let Meal,17.64
2893,889,Project Meal,22.14
2894,2273,Indeed Meal,11.12
2895,484,Little Meal,27.81
2896,1611,Central Meal,6.67
2897,1120,College Meal,9.99
2898,816,Hundred Meal,20.70
2899,2465,Prepare Meal,21.09
2900,2250,Along Meal,18.94
2901,1091,Thus Meal,21.89
2902,1925,Chair Meal,5.77
2903,130,Tonight Meal,28.06
2904,2694,Class Meal,23.90
2905,1711,History Meal,17.92
2906,862,Win Meal,7.17
2907,422,Why Meal,16.00
2908,1409,Church Meal,13.07
2909,1251,Because Meal,9.44
2910,1372,Country Meal,26.66
2911,2803,Test Meal,11.20
2912,2362,Today Meal,17.29
2913,2478,Stay Meal,5.37
2914,1775,Political Meal,26.67
2915,1721,Thousand Meal,23.84
2916,1802,Light Meal,25.62
2917,363,Blue Meal,23.89
2918,1287,American Meal,5.77
2919,526,Crime Meal,10.26
2920,2464,Support Meal,20.39
2921,1257,Help Meal,26.81
2922,918,Center Meal,16.41
2923,1018,Yes Meal,26.35
2924,413,Political Meal,10.29
2925,69,Democratic Meal,23.73
2926,352,Determine Meal,15.06
2927,2797,Cell Meal,29.79
2928,1455,Cut Meal,10.54
2929,1096,Shake Meal,23.74
2930,2132,Find Meal,10.12
2931,2661,Such Meal,26.53
2932,862,Wish Meal,24.58
2933,2719,Become Meal,20.89
2934,405,Business Meal,28.86
2935,1534,Door Meal,29.68
2936,2749,Smile Meal,21.07
2937,1677,Where Meal,14.26
2938,2140,Base Meal,20.42
2939,869,There Meal,21.32
2940,80,Our Meal,7.01
2941,1291,Million Meal,20.62
2942,1298,Station Meal,23.03
2943,1322,Such Meal,12.50
2944,2003,According Meal,9.76
2945,444,Center Meal,15.20
2946,886,Social Meal,24.52
2947,699,Along Meal,26.83
2948,214,Wide Meal,16.20
2949,2303,Worry Meal,28.79
2950,1408,Manager Meal,9.96
2951,2784,Just Meal,22.93
2952,930,Throughout Meal,24.79
2953,2520,Money Meal,10.21
2954,1932,None Meal,27.46
2955,293,System Meal,17.31
2956,1376,Them Meal,19.84
2957,653,Dog Meal,29.69
2958,1828,Official Meal,13.68
2959,856,Well Meal,11.64
2960,2563,Technology Meal,11.85
2961,2483,Smile Meal,14.32
2962,696,For Meal,28.38
2963,2851,Third Meal,8.06
2964,1814,The Meal,23.63
2965,640,Outside Meal,10.06
2966,1446,Institution Meal,15.68
2967,2898,Scene Meal,26.22
2968,1605,Skin Meal,26.56
2969,1731,Past Meal,16.27
2970,658,Else Meal,16.23
2971,2153,Part Meal,16.87
2972,1971,Fight Meal,11.39
2973,1766,Figure Meal,21.76
2974,2411,Clearly Meal,20.57
2975,390,Consumer Meal,6.84
2976,2530,Increase Meal,25.79
2977,1963,Message Meal,21.15
2978,1500,Certainly Meal,6.97
2979,1087,Possible Meal,7.48
2980,1101,That Meal,26.11
2981,1635,Fast Meal,28.35
2982,86,Decade Meal,11.44
2983,981,Operation Meal,6.23
2984,2207,Against Meal,21.89
2985,2607,Security Meal,7.81
2986,1688,Start Meal,22.43
2987,1564,Front Meal,18.08
2988,2369,Figure Meal,17.58
2989,2370,Add Meal,17.48
2990,2816,Opportunity Meal,24.34
2991,211,Artist Meal,27.93
2992,1477,Evening Meal,12.21
2993,2750,Artist Meal,22.57
2994,2679,Recognize Meal,28.33
2995,2296,Thank Meal,20.70
2996,2421,Once Meal,8.37
2997,2688,Culture Meal,15.16
2998,596,Laugh Meal,18.29
2999,1107,We Meal,5.83
3000,871,Someone Meal,20.36
